lga_key,lga_raw,years,loss_per_adult,egms_per_1000_adults,loss_per_egm,irsd_score,median_income,adults
BANANA,BANANA,5,802.12053027497,12.70727328794527,63275.51758568055,992.0,54986.333333333336,10869.0
BRISBANE,BRISBANE,5,740.2594680386194,7.463382310139859,99453.55765385923,1045.0,60632.333333333336,1018359.6
BUNDABERG,BUNDABERG,5,1040.6894520653827,13.589136876118573,76576.76859873295,924.0,44642.0,80856.8
BURDEKIN,BURDEKIN,4,914.0021524698387,14.863433327167908,61533.89737072367,966.0,51443.666666666664,13130.0
CAIRNS,CAIRNS,5,1205.1263675601463,13.36291834531824,90373.32291975766,981.0,53130.666666666664,130783.4
CASSOWARY COAST,CASSOWARY COAST,5,1005.3973034199984,16.06352644612958,62702.38798295206,929.0,41155.0,23096.8
CENTRAL HIGHLANDS,CENTRAL HIGHLANDS,5,1268.7130336375299,17.296925797756796,73557.74074965356,996.0,63757.666666666664,20432.6
CHARTERS TOWERS,CHARTERS TOWERS,5,919.1027396177815,15.459792978026035,59493.72030159179,933.0,52328.333333333336,8746.6
DOUGLAS,DOUGLAS,5,1101.3145563689113,17.28023060381067,63725.78952451241,979.0,42420.666666666664,10310.4
FRASER COAST,FRASER COAST,5,1027.2773641448523,12.568616668443502,81874.97604288242,915.0,43580.666666666664,93496.6
GLADSTONE,GLADSTONE,5,895.4268123746504,11.756391054609495,76242.48125974931,954.0,59288.666666666664,48012.8
GOLD COAST,GOLD COAST,5,967.4306744017231,10.434086621139908,92875.05066005638,1019.0,50919.333333333336,509488.4
GOONDIWINDI,GOONDIWINDI,5,1102.4474499612547,19.93233409441377,55341.71037016553,965.0,49384.333333333336,7612.4
GYMPIE,GYMPIE,5,696.6468331870963,9.719238230479665,71956.57115426702,930.0,41422.0,43386.6
HINCHINBROOK,HINCHINBROOK,5,705.7343356322667,10.489628455549935,67255.34074644558,954.0,49091.0,8812.2
IPSWICH,IPSWICH,5,822.0953334015015,8.459569482251545,97708.96880060059,958.0,56239.333333333336,175851.8
ISAAC,ISAAC,5,1141.2921646246618,16.26045228198103,70281.73608648512,1012.0,80070.0,16973.6
LIVINGSTONE,LIVINGSTONE,5,772.4448103045131,9.643758847458631,80154.35012693885,1005.0,57117.333333333336,31568.0
LOCKYER VALLEY,LOCKYER VALLEY,5,599.6060400244758,5.9182263161689015,102830.09716465863,948.0,48066.666666666664,32700.6
LOGAN,LOGAN,5,936.9228879903542,7.379442452841914,127382.88069904319,944.0,52754.666666666664,266500.4
MACKAY,MACKAY,5,1300.6212742844582,16.454062262958555,79324.85734240088,999.0,62223.333333333336,93168.8
MARANOA,MARANOA,5,909.2951500435378,14.974517156695905,60788.23006877371,995.0,53495.666666666664,9617.6
MORETON BAY,MORETON BAY,5,847.9796023487661,8.608625846457914,98687.45099427126,992.0,54380.666666666664,377150.8
MOUNT ISA,MOUNT ISA,5,2694.0952024921903,29.229856190575457,92187.41423151587,972.0,75007.66666666667,13190.4
NOOSA,NOOSA,5,713.8507165631776,10.887226014658749,65574.07415137764,1030.0,43790.666666666664,46230.4
NORTH BURNETT,NORTH BURNETT,4,582.4421342762507,8.386450188058785,72354.763318729,902.0,36310.0,8142.0
REDLAND,REDLAND,5,741.6985476536943,9.032205992957127,82500.252686094,1024.0,56497.666666666664,126605.6
ROCKHAMPTON,ROCKHAMPTON,5,1291.8645471260156,13.996376820664324,92397.89245627062,949.0,57120.666666666664,61476.8
SCENIC RIM,SCENIC RIM,5,374.49474457516135,5.494572828266091,68440.42642254248,986.0,47089.666666666664,34527.4
SOUTH BURNETT,SOUTH BURNETT,5,796.0609945600164,11.441274447256843,69749.88001022956,907.0,42633.0,26476.6
SOUTHERN DOWNS,SOUTHERN DOWNS,5,673.3745074916535,11.080708853564047,60848.88815674614,939.0,40612.0,28756.8
SUNSHINE COAST,SUNSHINE COAST,5,791.5811047395989,10.455207863263187,75768.07045153207,1022.0,49869.0,278915.6
TOOWOOMBA,TOOWOOMBA,5,789.0096652318518,11.01551885650592,71724.19248259372,979.0,53038.333333333336,133678.6
TOWNSVILLE,TOWNSVILLE,5,985.7426767396522,10.976879244721378,89858.06116287169,990.0,59625.333333333336,149248.2
WESTERN DOWNS,WESTERN DOWNS,5,907.8452237448655,13.078819461583128,69417.86427009545,946.0,48961.0,25227.0
WHITSUNDAY,WHITSUNDAY,5,1207.6417430720153,14.192702065493018,85163.9838300931,969.0,49444.666666666664,30721.0
