year,cpi_index,cpi_factor
2004,79.3,1.8200924758301809
2005,81.425,1.7725923651622149
2006,84.45,1.7090980856522597
2007,87.025,1.658527243129369
2008,91.325,1.5804361711835022
2009,93.5,1.5436720142602496
2010,96.35000000000001,1.498010724788099
2011,99.45,1.4513155689626278
2012,100.975,1.4293967153585874
2013,103.225,1.3982400904173733
2014,106.05,1.360993242181361
2015,107.675,1.3404535252689422
2016,109.35,1.3199207437890568
2017,111.3,1.2967954477388441
2018,113.17500000000001,1.275311096384655
2019,115.175,1.253165472831199
2020,115.875,1.2455951096727798
2021,120.175,1.2010262811178145
2022,128.875,1.1199482702877466
2023,136.325,1.0587444220306865
2024,139.85,1.0320581575497558
2025,144.33333333333334,1.0
