lga_key,year,median_income
AURUKUN,2019,16416
BALONNE,2019,39745
BANANA,2019,51215
BARCALDINE,2019,45481
BARCOO,2019,50854
BLACKALL TAMBO,2019,41219
BOULIA,2019,48689
BRISBANE,2019,53023
BULLOO,2019,55899
BUNDABERG,2019,37473
BURDEKIN,2019,42245
BURKE,2019,45799
CAIRNS,2019,47492
CARPENTARIA,2019,45394
CASSOWARY COAST,2019,34512
CENTRAL HIGHLANDS,2019,56408
CHARTERS TOWERS,2019,47059
CHERBOURG,2019,20607
CLONCURRY,2019,59031
COOK,2019,36141
CROYDON,2019,35074
DIAMANTINA,2019,52302
DOOMADGEE,2019,18913
DOUGLAS,2019,37899
ETHERIDGE,2019,35769
FLINDERS,2019,43200
FRASER COAST,2019,39142
GLADSTONE,2019,53581
GOLD COAST,2019,44736
GOONDIWINDI,2019,42128
GYMPIE,2019,36912
HINCHINBROOK,2019,45114
HOPE VALE,2019,33437
IPSWICH,2019,50876
ISAAC,2019,73233
KOWANYAMA,2019,21437
LIVINGSTONE,2019,51329
LOCKHART RIVER,2019,15800
LOCKYER VALLEY,2019,40788
LOGAN,2019,48220
LONGREACH,2019,51429
MACKAY,2019,56487
MCKINLAY,2019,53785
MAPOON,2019,38740
MARANOA,2019,47445
MAREEBA,2019,35387
MORETON BAY,2019,48726
MORNINGTON,2019,34238
MOUNT ISA,2019,68134
MURWEH,2019,46137
NAPRANUM,2019,22486
NOOSA,2019,38518
NORTH BURNETT,2019,27742
NORTHERN PENINSULA AREA,2019,37982
PALM ISLAND,2019,37475
PAROO,2019,37753
PORMPURAAW,2019,19434
QUILPIE,2019,45940
REDLAND,2019,50793
RICHMOND,2019,51396
ROCKHAMPTON,2019,51473
SCENIC RIM,2019,41941
SOMERSET,2019,44697
SOUTH BURNETT,2019,38321
SOUTHERN DOWNS,2019,34887
SUNSHINE COAST,2019,43604
TABLELANDS,2019,35165
TOOWOOMBA,2019,47716
TORRES,2019,55625
TORRES STRAIT ISLAND,2019,36691
TOWNSVILLE,2019,53608
WEIPA,2019,86518
WESTERN DOWNS,2019,44503
WHITSUNDAY,2019,43413
WINTON,2019,46906
WOORABINDA,2019,29493
WUJAL WUJAL,2019,32322
YARRABAH,2019,36331
AURUKUN,2020,15936
BALONNE,2020,38053
BANANA,2020,49539
BARCALDINE,2020,47475
BARCOO,2020,51336
BLACKALL TAMBO,2020,43398
BOULIA,2020,55684
BRISBANE,2020,54220
BULLOO,2020,55249
BUNDABERG,2020,39094
BURDEKIN,2020,43006
BURKE,2020,46161
CAIRNS,2020,48162
CARPENTARIA,2020,46044
CASSOWARY COAST,2020,35320
CENTRAL HIGHLANDS,2020,57035
CHARTERS TOWERS,2020,47484
CHERBOURG,2020,26770
CLONCURRY,2020,63630
COOK,2020,37000
CROYDON,2020,40293
DIAMANTINA,2020,53598
DOOMADGEE,2020,23173
DOUGLAS,2020,37782
ETHERIDGE,2020,36621
FLINDERS,2020,50302
FRASER COAST,2020,40092
GLADSTONE,2020,54944
GOLD COAST,2020,45000
GOONDIWINDI,2020,41301
GYMPIE,2020,37476
HINCHINBROOK,2020,45663
HOPE VALE,2020,30563
IPSWICH,2020,52174
ISAAC,2020,75174
KOWANYAMA,2020,23406
LIVINGSTONE,2020,52667
LOCKHART RIVER,2020,22963
LOCKYER VALLEY,2020,41934
LOGAN,2020,48900
LONGREACH,2020,52022
MACKAY,2020,57615
MCKINLAY,2020,51801
MAPOON,2020,36535
MARANOA,2020,46597
MAREEBA,2020,36210
MORETON BAY,2020,49724
MORNINGTON,2020,32722
MOUNT ISA,2020,71592
MURWEH,2020,45505
NAPRANUM,2020,20832
NOOSA,2020,38531
NORTH BURNETT,2020,28083
NORTHERN PENINSULA AREA,2020,40270
PALM ISLAND,2020,33773
PAROO,2020,39421
PORMPURAAW,2020,22862
QUILPIE,2020,49906
REDLAND,2020,51661
RICHMOND,2020,48443
ROCKHAMPTON,2020,53279
SCENIC RIM,2020,42735
SOMERSET,2020,45108
SOUTH BURNETT,2020,38263
SOUTHERN DOWNS,2020,35293
SUNSHINE COAST,2020,44358
TABLELANDS,2020,36077
TOOWOOMBA,2020,48251
TORRES,2020,56635
TORRES STRAIT ISLAND,2020,37764
TOWNSVILLE,2020,55176
WEIPA,2020,87323
WESTERN DOWNS,2020,42918
WHITSUNDAY,2020,42360
WINTON,2020,49124
WOORABINDA,2020,27373
WUJAL WUJAL,2020,40611
YARRABAH,2020,38508
AURUKUN,2021,17218
BALONNE,2021,45266
BANANA,2021,52217
BARCALDINE,2021,48782
BARCOO,2021,50849
BLACKALL TAMBO,2021,46961
BOULIA,2021,61768
BRISBANE,2021,57662
BULLOO,2021,61583
BUNDABERG,2021,43195
BURDEKIN,2021,49002
BURKE,2021,48718
CAIRNS,2021,50801
CARPENTARIA,2021,50349
CASSOWARY COAST,2021,40815
CENTRAL HIGHLANDS,2021,60557
CHARTERS TOWERS,2021,49960
CHERBOURG,2021,24391
CLONCURRY,2021,63801
COOK,2021,44756
CROYDON,2021,44371
DIAMANTINA,2021,59844
DOOMADGEE,2021,21739
DOUGLAS,2021,40105
ETHERIDGE,2021,41604
FLINDERS,2021,52831
FRASER COAST,2021,41592
GLADSTONE,2021,56857
GOLD COAST,2021,48035
GOONDIWINDI,2021,45380
GYMPIE,2021,39614
HINCHINBROOK,2021,47562
HOPE VALE,2021,36881
IPSWICH,2021,53307
ISAAC,2021,75901
KOWANYAMA,2021,24055
LIVINGSTONE,2021,55671
LOCKHART RIVER,2021,22056
LOCKYER VALLEY,2021,46173
LOGAN,2021,50346
LONGREACH,2021,54626
MACKAY,2021,59958
MCKINLAY,2021,54102
MAPOON,2021,28690
MARANOA,2021,50097
MAREEBA,2021,40975
MORETON BAY,2021,51737
MORNINGTON,2021,31134
MOUNT ISA,2021,73441
MURWEH,2021,49033
NAPRANUM,2021,19523
NOOSA,2021,42425
NORTH BURNETT,2021,35796
NORTHERN PENINSULA AREA,2021,39576
PALM ISLAND,2021,36184
PAROO,2021,44664
PORMPURAAW,2021,17527
QUILPIE,2021,53561
REDLAND,2021,53729
RICHMOND,2021,52828
ROCKHAMPTON,2021,54715
SCENIC RIM,2021,45342
SOMERSET,2021,47539
SOUTH BURNETT,2021,40948
SOUTHERN DOWNS,2021,38723
SUNSHINE COAST,2021,47314
TABLELANDS,2021,40171
TOOWOOMBA,2021,50654
TORRES,2021,58767
TORRES STRAIT ISLAND,2021,38218
TOWNSVILLE,2021,57073
WEIPA,2021,89261
WESTERN DOWNS,2021,45144
WHITSUNDAY,2021,47675
WINTON,2021,52349
WOORABINDA,2021,30154
WUJAL WUJAL,2021,32116
YARRABAH,2021,28402
AURUKUN,2022,18942
BALONNE,2022,49611
BANANA,2022,56455
BARCALDINE,2022,53460
BARCOO,2022,59933
BLACKALL TAMBO,2022,51481
BOULIA,2022,61919
BRISBANE,2022,60918
BULLOO,2022,64097
BUNDABERG,2022,44984
BURDEKIN,2022,51787
BURKE,2022,50235
CAIRNS,2022,53044
CARPENTARIA,2022,52075
CASSOWARY COAST,2022,41966
CENTRAL HIGHLANDS,2022,64994
CHARTERS TOWERS,2022,52792
CHERBOURG,2022,24226
CLONCURRY,2022,66683
COOK,2022,45237
CROYDON,2022,49895
DIAMANTINA,2022,60238
DOOMADGEE,2022,21625
DOUGLAS,2022,43068
ETHERIDGE,2022,52664
FLINDERS,2022,55065
FRASER COAST,2022,43302
GLADSTONE,2022,59093
GOLD COAST,2022,50899
GOONDIWINDI,2022,50273
GYMPIE,2022,41272
HINCHINBROOK,2022,48257
HOPE VALE,2022,30750
IPSWICH,2022,56006
ISAAC,2022,80836
KOWANYAMA,2022,27154
LIVINGSTONE,2022,56836
LOCKHART RIVER,2022,19917
LOCKYER VALLEY,2022,47728
LOGAN,2022,52396
LONGREACH,2022,57277
MACKAY,2022,62000
MCKINLAY,2022,53855
MAPOON,2022,30244
MARANOA,2022,54658
MAREEBA,2022,43068
MORETON BAY,2022,54073
MORNINGTON,2022,36300
MOUNT ISA,2022,74557
MURWEH,2022,54093
NAPRANUM,2022,22532
NOOSA,2022,43562
NORTH BURNETT,2022,39040
NORTHERN PENINSULA AREA,2022,42072
PALM ISLAND,2022,38473
PAROO,2022,45201
PORMPURAAW,2022,20392
QUILPIE,2022,53720
REDLAND,2022,56231
RICHMOND,2022,56508
ROCKHAMPTON,2022,56702
SCENIC RIM,2022,46934
SOMERSET,2022,48718
SOUTH BURNETT,2022,42573
SOUTHERN DOWNS,2022,41233
SUNSHINE COAST,2022,49655
TABLELANDS,2022,42029
TOOWOOMBA,2022,52910
TORRES,2022,61241
TORRES STRAIT ISLAND,2022,39090
TOWNSVILLE,2022,59541
WEIPA,2022,91699
WESTERN DOWNS,2022,49717
WHITSUNDAY,2022,49925
WINTON,2022,52604
WOORABINDA,2022,31487
WUJAL WUJAL,2022,27369
YARRABAH,2022,28075
AURUKUN,2023,17661
BALONNE,2023,50981
BANANA,2023,56287
BARCALDINE,2023,54809
BARCOO,2023,46581
BLACKALL TAMBO,2023,52339
BOULIA,2023,56416
BRISBANE,2023,63317
BULLOO,2023,60811
BUNDABERG,2023,45747
BURDEKIN,2023,53542
BURKE,2023,52510
CAIRNS,2023,55547
CARPENTARIA,2023,52327
CASSOWARY COAST,2023,40684
CENTRAL HIGHLANDS,2023,65722
CHARTERS TOWERS,2023,54233
CHERBOURG,2023,23645
CLONCURRY,2023,66504
COOK,2023,43885
CROYDON,2023,50301
DIAMANTINA,2023,60159
DOOMADGEE,2023,24057
DOUGLAS,2023,44089
ETHERIDGE,2023,47158
FLINDERS,2023,56165
FRASER COAST,2023,45848
GLADSTONE,2023,61916
GOLD COAST,2023,53824
GOONDIWINDI,2023,52500
GYMPIE,2023,43380
HINCHINBROOK,2023,51454
HOPE VALE,2023,30911
IPSWICH,2023,59405
ISAAC,2023,83473
KOWANYAMA,2023,29521
LIVINGSTONE,2023,58845
LOCKHART RIVER,2023,26567
LOCKYER VALLEY,2023,50299
LOGAN,2023,55522
LONGREACH,2023,59464
MACKAY,2023,64712
MCKINLAY,2023,48616
MAPOON,2023,30831
MARANOA,2023,55732
MAREEBA,2023,41391
MORETON BAY,2023,57332
MORNINGTON,2023,29703
MOUNT ISA,2023,77025
MURWEH,2023,55431
NAPRANUM,2023,26825
NOOSA,2023,45385
NORTH BURNETT,2023,34094
NORTHERN PENINSULA AREA,2023,42561
PALM ISLAND,2023,37388
PAROO,2023,48120
PORMPURAAW,2023,21233
QUILPIE,2023,56491
REDLAND,2023,59533
RICHMOND,2023,55257
ROCKHAMPTON,2023,59945
SCENIC RIM,2023,48993
SOMERSET,2023,50152
SOUTH BURNETT,2023,44378
SOUTHERN DOWNS,2023,41880
SUNSHINE COAST,2023,52638
TABLELANDS,2023,41040
TOOWOOMBA,2023,55551
TORRES,2023,65211
TORRES STRAIT ISLAND,2023,40039
TOWNSVILLE,2023,62262
WEIPA,2023,96818
WESTERN DOWNS,2023,52022
WHITSUNDAY,2023,50734
WINTON,2023,55581
WOORABINDA,2023,32453
WUJAL WUJAL,2023,22102
YARRABAH,2023,32512
