lga_key,lga_raw,seifa_lga_name,abs_lga_code
BALONNE,BALONNE,Balonne,30300
BANANA,BANANA,Banana,30370
BARCALDINE,BARCALDINE,Barcaldine,30410
BLACKALL TAMBO,BLACKALL TAMBO,Blackall Tambo,30760
BRISBANE,BRISBANE,Brisbane,31000
BUNDABERG,BUNDABERG,Bundaberg,31820
BURDEKIN,BURDEKIN,Burdekin,31900
CAIRNS,CAIRNS,Cairns,32080
CARPENTARIA,CARPENTARIA,Carpentaria,32250
CASSOWARY COAST,CASSOWARY COAST,Cassowary Coast,32260
CENTRAL HIGHLANDS,CENTRAL HIGHLANDS,Central Highlands (Qld),32270
CHARTERS TOWERS,CHARTERS TOWERS,Charters Towers,32310
CLONCURRY,CLONCURRY,Cloncurry,32450
COOK,COOK,Cook,32500
DOUGLAS,DOUGLAS,Douglas,32810
FLINDERS,FLINDERS,Flinders (Qld),33200
FRASER COAST,FRASER COAST,Fraser Coast,33220
GLADSTONE,GLADSTONE,Gladstone,33360
GOLD COAST,GOLD COAST,Gold Coast,33430
GOONDIWINDI,GOONDIWINDI,Goondiwindi,33610
GYMPIE,GYMPIE,Gympie,33620
HINCHINBROOK,HINCHINBROOK,Hinchinbrook,33800
IPSWICH,IPSWICH,Ipswich,33960
ISAAC,ISAAC,Isaac,33980
LIVINGSTONE,LIVINGSTONE,Livingstone,34530
LOCKYER VALLEY,LOCKYER VALLEY,Lockyer Valley,34580
LOGAN,LOGAN,Logan,34590
LONGREACH,LONGREACH,Longreach,34710
MACKAY,MACKAY,Mackay,34770
MARANOA,MARANOA,Maranoa,34860
MAREEBA,MAREEBA,Mareeba,34880
MCKINLAY,MCKINLAY,McKinlay,34800
MORETON BAY,MORETON BAY,Moreton Bay,35010
MOUNT ISA,MOUNT ISA,Mount Isa,35300
MURWEH,MURWEH,Murweh,35600
NOOSA,NOOSA,Noosa,35740
NORTH BURNETT,NORTH BURNETT,North Burnett,35760
PAROO,PAROO,Paroo,35800
QUILPIE,QUILPIE,Quilpie,36150
REDLAND,REDLAND,Redland,36250
RICHMOND,RICHMOND,Richmond,36300
ROCKHAMPTON,ROCKHAMPTON,Rockhampton,36370
SCENIC RIM,SCENIC RIM,Scenic Rim,36510
SOMERSET,SOMERSET,Somerset,36580
SOUTH BURNETT,SOUTH BURNETT,South Burnett,36630
SOUTHERN DOWNS,SOUTHERN DOWNS,Southern Downs,36660
SUNSHINE COAST,SUNSHINE COAST,Sunshine Coast,36720
TABLELANDS,TABLELANDS,Tablelands,36820
TOOWOOMBA,TOOWOOMBA,Toowoomba,36910
TORRES,TORRES,Torres,36950
TOWNSVILLE,TOWNSVILLE,Townsville,37010
WEIPA,WEIPA,Weipa,37300
WESTERN DOWNS,WESTERN DOWNS,Western Downs,37310
WHITSUNDAY,WHITSUNDAY,Whitsunday,37340
WINTON,WINTON,Winton,37400
