year,abs_lga_code,abs_lga_name,lga_key,adults_20plus,pop_total
2001,30250,Aurukun,AURUKUN,643,2148
2001,30300,Balonne,BALONNE,3739,10946
2001,30370,Banana,BANANA,10821,31068
2001,30410,Barcaldine,BARCALDINE,2476,6966
2001,30450,Barcoo,BARCOO,327,908
2001,30760,Blackall Tambo,BLACKALL TAMBO,1700,4770
2001,30900,Boulia,BOULIA,376,1132
2001,31000,Brisbane,BRISBANE,662753,1771574
2001,31750,Bulloo,BULLOO,323,900
2001,31820,Bundaberg,BUNDABERG,55126,154860
2001,31900,Burdekin,BURDEKIN,12939,36316
2001,31950,Burke,BURKE,350,980
2001,32080,Cairns,CAIRNS,81839,230746
2001,32250,Carpentaria,CARPENTARIA,1481,4492
2001,32260,Cassowary Coast,CASSOWARY COAST,20773,59072
2001,32270,Central Highlands (Qld),CENTRAL HIGHLANDS,16340,49162
2001,32310,Charters Towers,CHARTERS TOWERS,8036,24014
2001,32330,Cherbourg,CHERBOURG,585,2372
2001,32450,Cloncurry,CLONCURRY,2542,7508
2001,32500,Cook,COOK,2678,7272
2001,32600,Croydon,CROYDON,196,564
2001,32750,Diamantina,DIAMANTINA,216,640
2001,32770,Doomadgee,DOOMADGEE,623,2356
2001,32810,Douglas,DOUGLAS,7638,20528
2001,33100,Etheridge,ETHERIDGE,745,1994
2001,33200,Flinders (Qld),FLINDERS,1442,4100
2001,33220,Fraser Coast,FRASER COAST,53232,145562
2001,33360,Gladstone,GLADSTONE,30837,90958
2001,33430,Gold Coast,GOLD COAST,283459,759358
2001,33610,Goondiwindi,GOONDIWINDI,7310,20438
2001,33620,Gympie,GYMPIE,26919,76124
2001,33800,Hinchinbrook,HINCHINBROOK,8770,24344
2001,33830,Hope Vale,HOPE VALE,538,1750
2001,33960,Ipswich,IPSWICH,84075,247868
2001,33980,Isaac,ISAAC,12294,36338
2001,34420,Kowanyama,KOWANYAMA,611,1998
2001,34530,Livingstone,LIVINGSTONE,17995,51726
2001,34570,Lockhart River,LOCKHART RIVER,380,1276
2001,34580,Lockyer Valley,LOCKYER VALLEY,19296,56426
2001,34590,Logan,LOGAN,155540,468702
2001,34710,Longreach,LONGREACH,3092,9074
2001,34770,Mackay,MACKAY,61700,178674
2001,34800,McKinlay,MCKINLAY,766,2090
2001,34830,Mapoon,MAPOON,118,410
2001,34860,Maranoa,MARANOA,8621,24736
2001,34880,Mareeba,MAREEBA,13001,36250
2001,35010,Moreton Bay,MORETON BAY,196503,566124
2001,35250,Mornington,MORNINGTON,599,1982
2001,35300,Mount Isa,MOUNT ISA,13811,41486
2001,35600,Murweh,MURWEH,3457,9872
2001,35670,Napranum,NAPRANUM,440,1570
2001,35740,Noosa,NOOSA,32243,86992
2001,35760,North Burnett,NORTH BURNETT,7675,20900
2001,35780,Northern Peninsula Area,NORTHERN PENINSULA AREA,1056,4110
2001,35790,Palm Island,PALM ISLAND,1241,4538
2001,35800,Paroo,PAROO,1537,4344
2001,36070,Pormpuraaw,PORMPURAAW,420,1236
2001,36150,Quilpie,QUILPIE,796,2172
2001,36250,Redland,REDLAND,81046,231664
2001,36300,Richmond,RICHMOND,797,2256
2001,36370,Rockhampton,ROCKHAMPTON,48916,140960
2001,36510,Scenic Rim,SCENIC RIM,21308,60060
2001,36580,Somerset,SOMERSET,12515,35732
2001,36630,South Burnett,SOUTH BURNETT,19647,55302
2001,36660,Southern Downs,SOUTHERN DOWNS,21759,62128
2001,36720,Sunshine Coast,SUNSHINE COAST,145006,397862
2001,36820,Tablelands,TABLELANDS,15489,43788
2001,36910,Toowoomba,TOOWOOMBA,93570,269910
2001,36950,Torres,TORRES,2151,7062
2001,36960,Torres Strait Island,TORRES STRAIT ISLAND,2337,8488
2001,37010,Townsville,TOWNSVILLE,98862,284024
2001,37300,Weipa,WEIPA,1413,4262
2001,37310,Western Downs,WESTERN DOWNS,20007,57430
2001,37340,Whitsunday,WHITSUNDAY,20182,54792
2001,37400,Winton,WINTON,1119,3170
2001,37550,Woorabinda,WOORABINDA,510,2028
2001,37570,Wujal Wujal,WUJAL WUJAL,228,732
2001,37600,Yarrabah,YARRABAH,1163,4472
2002,30250,Aurukun,AURUKUN,681,2218
2002,30300,Balonne,BALONNE,3657,10672
2002,30370,Banana,BANANA,10655,30656
2002,30410,Barcaldine,BARCALDINE,2477,6964
2002,30450,Barcoo,BARCOO,319,874
2002,30760,Blackall Tambo,BLACKALL TAMBO,1681,4654
2002,30900,Boulia,BOULIA,363,1068
2002,31000,Brisbane,BRISBANE,680385,1816578
2002,31750,Bulloo,BULLOO,323,890
2002,31820,Bundaberg,BUNDABERG,56168,157142
2002,31900,Burdekin,BURDEKIN,12919,36076
2002,31950,Burke,BURKE,355,992
2002,32080,Cairns,CAIRNS,83421,234532
2002,32250,Carpentaria,CARPENTARIA,1524,4506
2002,32260,Cassowary Coast,CASSOWARY COAST,20852,58894
2002,32270,Central Highlands (Qld),CENTRAL HIGHLANDS,16774,50108
2002,32310,Charters Towers,CHARTERS TOWERS,8072,23924
2002,32330,Cherbourg,CHERBOURG,608,2382
2002,32450,Cloncurry,CLONCURRY,2502,7328
2002,32500,Cook,COOK,2732,7300
2002,32600,Croydon,CROYDON,189,554
2002,32750,Diamantina,DIAMANTINA,222,626
2002,32770,Doomadgee,DOOMADGEE,621,2332
2002,32810,Douglas,DOUGLAS,7801,20884
2002,33100,Etheridge,ETHERIDGE,726,1944
2002,33200,Flinders (Qld),FLINDERS,1415,4032
2002,33220,Fraser Coast,FRASER COAST,54529,148598
2002,33360,Gladstone,GLADSTONE,31764,93184
2002,33430,Gold Coast,GOLD COAST,295089,789262
2002,33610,Goondiwindi,GOONDIWINDI,7367,20594
2002,33620,Gympie,GYMPIE,27462,77098
2002,33800,Hinchinbrook,HINCHINBROOK,8678,24092
2002,33830,Hope Vale,HOPE VALE,542,1734
2002,33960,Ipswich,IPSWICH,85806,252232
2002,33980,Isaac,ISAAC,12601,37180
2002,34420,Kowanyama,KOWANYAMA,626,2024
2002,34530,Livingstone,LIVINGSTONE,18574,52976
2002,34570,Lockhart River,LOCKHART RIVER,377,1246
2002,34580,Lockyer Valley,LOCKYER VALLEY,19806,57626
2002,34590,Logan,LOGAN,159967,479030
2002,34710,Longreach,LONGREACH,3155,9090
2002,34770,Mackay,MACKAY,63638,183108
2002,34800,McKinlay,MCKINLAY,759,2066
2002,34830,Mapoon,MAPOON,131,426
2002,34860,Maranoa,MARANOA,8680,24766
2002,34880,Mareeba,MAREEBA,13184,36472
2002,35010,Moreton Bay,MORETON BAY,203215,583086
2002,35250,Mornington,MORNINGTON,624,1998
2002,35300,Mount Isa,MOUNT ISA,13422,40552
2002,35600,Murweh,MURWEH,3442,9784
2002,35670,Napranum,NAPRANUM,457,1598
2002,35740,Noosa,NOOSA,33453,89786
2002,35760,North Burnett,NORTH BURNETT,7660,20816
2002,35780,Northern Peninsula Area,NORTHERN PENINSULA AREA,1077,4116
2002,35790,Palm Island,PALM ISLAND,1259,4498
2002,35800,Paroo,PAROO,1512,4254
2002,36070,Pormpuraaw,PORMPURAAW,427,1244
2002,36150,Quilpie,QUILPIE,784,2128
2002,36250,Redland,REDLAND,83748,237740
2002,36300,Richmond,RICHMOND,765,2180
2002,36370,Rockhampton,ROCKHAMPTON,49473,141818
2002,36510,Scenic Rim,SCENIC RIM,21930,61430
2002,36580,Somerset,SOMERSET,12812,36234
2002,36630,South Burnett,SOUTH BURNETT,19931,55884
2002,36660,Southern Downs,SOUTHERN DOWNS,22069,62722
2002,36720,Sunshine Coast,SUNSHINE COAST,150441,411544
2002,36820,Tablelands,TABLELANDS,15767,44402
2002,36910,Toowoomba,TOOWOOMBA,95162,273238
2002,36950,Torres,TORRES,2209,7120
2002,36960,Torres Strait Island,TORRES STRAIT ISLAND,2396,8628
2002,37010,Townsville,TOWNSVILLE,101167,290230
2002,37300,Weipa,WEIPA,1490,4482
2002,37310,Western Downs,WESTERN DOWNS,20043,57422
2002,37340,Whitsunday,WHITSUNDAY,20730,55992
2002,37400,Winton,WINTON,1136,3134
2002,37550,Woorabinda,WOORABINDA,499,1974
2002,37570,Wujal Wujal,WUJAL WUJAL,225,722
2002,37600,Yarrabah,YARRABAH,1175,4556
2003,30250,Aurukun,AURUKUN,679,2200
2003,30300,Balonne,BALONNE,3541,10348
2003,30370,Banana,BANANA,10511,30272
2003,30410,Barcaldine,BARCALDINE,2412,6776
2003,30450,Barcoo,BARCOO,302,816
2003,30760,Blackall Tambo,BLACKALL TAMBO,1625,4436
2003,30900,Boulia,BOULIA,342,1004
2003,31000,Brisbane,BRISBANE,698989,1861070
2003,31750,Bulloo,BULLOO,317,858
2003,31820,Bundaberg,BUNDABERG,57119,159118
2003,31900,Burdekin,BURDEKIN,12831,35692
2003,31950,Burke,BURKE,365,1002
2003,32080,Cairns,CAIRNS,85784,240572
2003,32250,Carpentaria,CARPENTARIA,1552,4484
2003,32260,Cassowary Coast,CASSOWARY COAST,21001,58876
2003,32270,Central Highlands (Qld),CENTRAL HIGHLANDS,17202,51080
2003,32310,Charters Towers,CHARTERS TOWERS,8098,23878
2003,32330,Cherbourg,CHERBOURG,612,2394
2003,32450,Cloncurry,CLONCURRY,2439,7104
2003,32500,Cook,COOK,2710,7222
2003,32600,Croydon,CROYDON,188,548
2003,32750,Diamantina,DIAMANTINA,216,602
2003,32770,Doomadgee,DOOMADGEE,607,2308
2003,32810,Douglas,DOUGLAS,7912,21044
2003,33100,Etheridge,ETHERIDGE,709,1882
2003,33200,Flinders (Qld),FLINDERS,1423,4034
2003,33220,Fraser Coast,FRASER COAST,56855,154096
2003,33360,Gladstone,GLADSTONE,32841,95720
2003,33430,Gold Coast,GOLD COAST,307927,821090
2003,33610,Goondiwindi,GOONDIWINDI,7396,20652
2003,33620,Gympie,GYMPIE,28243,78778
2003,33800,Hinchinbrook,HINCHINBROOK,8666,24008
2003,33830,Hope Vale,HOPE VALE,537,1700
2003,33960,Ipswich,IPSWICH,87980,257292
2003,33980,Isaac,ISAAC,12994,38100
2003,34420,Kowanyama,KOWANYAMA,633,2032
2003,34530,Livingstone,LIVINGSTONE,19220,54560
2003,34570,Lockhart River,LOCKHART RIVER,363,1214
2003,34580,Lockyer Valley,LOCKYER VALLEY,20096,58156
2003,34590,Logan,LOGAN,164126,488152
2003,34710,Longreach,LONGREACH,3115,8894
2003,34770,Mackay,MACKAY,65499,187284
2003,34800,McKinlay,MCKINLAY,737,1986
2003,34830,Mapoon,MAPOON,137,448
2003,34860,Maranoa,MARANOA,8753,24872
2003,34880,Mareeba,MAREEBA,13344,36614
2003,35010,Moreton Bay,MORETON BAY,211448,604054
2003,35250,Mornington,MORNINGTON,678,2092
2003,35300,Mount Isa,MOUNT ISA,13260,39994
2003,35600,Murweh,MURWEH,3428,9696
2003,35670,Napranum,NAPRANUM,468,1638
2003,35740,Noosa,NOOSA,34450,92126
2003,35760,North Burnett,NORTH BURNETT,7715,20830
2003,35780,Northern Peninsula Area,NORTHERN PENINSULA AREA,1090,4138
2003,35790,Palm Island,PALM ISLAND,1243,4404
2003,35800,Paroo,PAROO,1512,4212
2003,36070,Pormpuraaw,PORMPURAAW,425,1244
2003,36150,Quilpie,QUILPIE,765,2090
2003,36250,Redland,REDLAND,87235,245988
2003,36300,Richmond,RICHMOND,742,2124
2003,36370,Rockhampton,ROCKHAMPTON,50056,142998
2003,36510,Scenic Rim,SCENIC RIM,22931,63860
2003,36580,Somerset,SOMERSET,13064,36722
2003,36630,South Burnett,SOUTH BURNETT,20243,56502
2003,36660,Southern Downs,SOUTHERN DOWNS,22358,63186
2003,36720,Sunshine Coast,SUNSHINE COAST,157692,429862
2003,36820,Tablelands,TABLELANDS,16035,45004
2003,36910,Toowoomba,TOOWOOMBA,96747,277056
2003,36950,Torres,TORRES,2200,7088
2003,36960,Torres Strait Island,TORRES STRAIT ISLAND,2477,8774
2003,37010,Townsville,TOWNSVILLE,103573,295928
2003,37300,Weipa,WEIPA,1572,4734
2003,37310,Western Downs,WESTERN DOWNS,20032,57272
2003,37340,Whitsunday,WHITSUNDAY,21255,56982
2003,37400,Winton,WINTON,1133,3086
2003,37550,Woorabinda,WOORABINDA,490,1932
2003,37570,Wujal Wujal,WUJAL WUJAL,221,712
2003,37600,Yarrabah,YARRABAH,1210,4646
2004,30250,Aurukun,AURUKUN,684,2220
2004,30300,Balonne,BALONNE,3442,10000
2004,30370,Banana,BANANA,10383,29918
2004,30410,Barcaldine,BARCALDINE,2393,6700
2004,30450,Barcoo,BARCOO,304,808
2004,30760,Blackall Tambo,BLACKALL TAMBO,1599,4328
2004,30900,Boulia,BOULIA,330,954
2004,31000,Brisbane,BRISBANE,714990,1899870
2004,31750,Bulloo,BULLOO,309,834
2004,31820,Bundaberg,BUNDABERG,58452,161982
2004,31900,Burdekin,BURDEKIN,12732,35272
2004,31950,Burke,BURKE,373,984
2004,32080,Cairns,CAIRNS,88184,246784
2004,32250,Carpentaria,CARPENTARIA,1528,4382
2004,32260,Cassowary Coast,CASSOWARY COAST,21055,58674
2004,32270,Central Highlands (Qld),CENTRAL HIGHLANDS,17711,52282
2004,32310,Charters Towers,CHARTERS TOWERS,8107,23744
2004,32330,Cherbourg,CHERBOURG,617,2384
2004,32450,Cloncurry,CLONCURRY,2354,6848
2004,32500,Cook,COOK,2793,7392
2004,32600,Croydon,CROYDON,175,532
2004,32750,Diamantina,DIAMANTINA,217,590
2004,32770,Doomadgee,DOOMADGEE,594,2284
2004,32810,Douglas,DOUGLAS,7870,20906
2004,33100,Etheridge,ETHERIDGE,677,1794
2004,33200,Flinders (Qld),FLINDERS,1367,3892
2004,33220,Fraser Coast,FRASER COAST,59384,160222
2004,33360,Gladstone,GLADSTONE,34137,99034
2004,33430,Gold Coast,GOLD COAST,318881,848010
2004,33610,Goondiwindi,GOONDIWINDI,7385,20612
2004,33620,Gympie,GYMPIE,29180,80938
2004,33800,Hinchinbrook,HINCHINBROOK,8552,23702
2004,33830,Hope Vale,HOPE VALE,525,1662
2004,33960,Ipswich,IPSWICH,90676,264238
2004,33980,Isaac,ISAAC,13136,38462
2004,34420,Kowanyama,KOWANYAMA,643,2060
2004,34530,Livingstone,LIVINGSTONE,19948,56318
2004,34570,Lockhart River,LOCKHART RIVER,346,1182
2004,34580,Lockyer Valley,LOCKYER VALLEY,20476,58970
2004,34590,Logan,LOGAN,168518,498322
2004,34710,Longreach,LONGREACH,3098,8758
2004,34770,Mackay,MACKAY,67756,192570
2004,34800,McKinlay,MCKINLAY,731,1946
2004,34830,Mapoon,MAPOON,141,464
2004,34860,Maranoa,MARANOA,8774,24922
2004,34880,Mareeba,MAREEBA,13444,36706
2004,35010,Moreton Bay,MORETON BAY,219974,625774
2004,35250,Mornington,MORNINGTON,687,2108
2004,35300,Mount Isa,MOUNT ISA,13235,39816
2004,35600,Murweh,MURWEH,3400,9606
2004,35670,Napranum,NAPRANUM,478,1672
2004,35740,Noosa,NOOSA,35375,94366
2004,35760,North Burnett,NORTH BURNETT,7754,20890
2004,35780,Northern Peninsula Area,NORTHERN PENINSULA AREA,1097,4148
2004,35790,Palm Island,PALM ISLAND,1210,4310
2004,35800,Paroo,PAROO,1502,4150
2004,36070,Pormpuraaw,PORMPURAAW,411,1246
2004,36150,Quilpie,QUILPIE,757,2050
2004,36250,Redland,REDLAND,89785,252020
2004,36300,Richmond,RICHMOND,693,2014
2004,36370,Rockhampton,ROCKHAMPTON,50914,144840
2004,36510,Scenic Rim,SCENIC RIM,23620,65498
2004,36580,Somerset,SOMERSET,13351,37218
2004,36630,South Burnett,SOUTH BURNETT,20587,57260
2004,36660,Southern Downs,SOUTHERN DOWNS,22544,63458
2004,36720,Sunshine Coast,SUNSHINE COAST,164301,446286
2004,36820,Tablelands,TABLELANDS,16270,45398
2004,36910,Toowoomba,TOOWOOMBA,98808,281654
2004,36950,Torres,TORRES,2169,7024
2004,36960,Torres Strait Island,TORRES STRAIT ISLAND,2425,8800
2004,37010,Townsville,TOWNSVILLE,106267,302344
2004,37300,Weipa,WEIPA,1670,5014
2004,37310,Western Downs,WESTERN DOWNS,20132,57310
2004,37340,Whitsunday,WHITSUNDAY,21761,57954
2004,37400,Winton,WINTON,1101,2946
2004,37550,Woorabinda,WOORABINDA,481,1886
2004,37570,Wujal Wujal,WUJAL WUJAL,208,694
2004,37600,Yarrabah,YARRABAH,1222,4730
2005,30250,Aurukun,AURUKUN,668,2196
2005,30300,Balonne,BALONNE,3360,9756
2005,30370,Banana,BANANA,10381,29826
2005,30410,Barcaldine,BARCALDINE,2409,6718
2005,30450,Barcoo,BARCOO,295,762
2005,30760,Blackall Tambo,BLACKALL TAMBO,1601,4252
2005,30900,Boulia,BOULIA,316,912
2005,31000,Brisbane,BRISBANE,729652,1935978
2005,31750,Bulloo,BULLOO,300,794
2005,31820,Bundaberg,BUNDABERG,60152,165752
2005,31900,Burdekin,BURDEKIN,12726,35072
2005,31950,Burke,BURKE,388,1012
2005,32080,Cairns,CAIRNS,91208,254672
2005,32250,Carpentaria,CARPENTARIA,1448,4160
2005,32260,Cassowary Coast,CASSOWARY COAST,21025,58248
2005,32270,Central Highlands (Qld),CENTRAL HIGHLANDS,18163,53322
2005,32310,Charters Towers,CHARTERS TOWERS,8053,23566
2005,32330,Cherbourg,CHERBOURG,612,2376
2005,32450,Cloncurry,CLONCURRY,2301,6684
2005,32500,Cook,COOK,2733,7252
2005,32600,Croydon,CROYDON,178,542
2005,32750,Diamantina,DIAMANTINA,217,588
2005,32770,Doomadgee,DOOMADGEE,599,2272
2005,32810,Douglas,DOUGLAS,7790,20738
2005,33100,Etheridge,ETHERIDGE,672,1766
2005,33200,Flinders (Qld),FLINDERS,1325,3794
2005,33220,Fraser Coast,FRASER COAST,61776,166020
2005,33360,Gladstone,GLADSTONE,34957,101174
2005,33430,Gold Coast,GOLD COAST,328925,873342
2005,33610,Goondiwindi,GOONDIWINDI,7389,20594
2005,33620,Gympie,GYMPIE,30155,83364
2005,33800,Hinchinbrook,HINCHINBROOK,8549,23628
2005,33830,Hope Vale,HOPE VALE,519,1648
2005,33960,Ipswich,IPSWICH,94506,274648
2005,33980,Isaac,ISAAC,13517,39570
2005,34420,Kowanyama,KOWANYAMA,642,2096
2005,34530,Livingstone,LIVINGSTONE,20481,57510
2005,34570,Lockhart River,LOCKHART RIVER,338,1168
2005,34580,Lockyer Valley,LOCKYER VALLEY,21265,61048
2005,34590,Logan,LOGAN,172581,507810
2005,34710,Longreach,LONGREACH,3033,8568
2005,34770,Mackay,MACKAY,70769,199802
2005,34800,McKinlay,MCKINLAY,720,1902
2005,34830,Mapoon,MAPOON,148,478
2005,34860,Maranoa,MARANOA,8802,25002
2005,34880,Mareeba,MAREEBA,13636,37106
2005,35010,Moreton Bay,MORETON BAY,227647,646170
2005,35250,Mornington,MORNINGTON,685,2134
2005,35300,Mount Isa,MOUNT ISA,13444,40306
2005,35600,Murweh,MURWEH,3396,9548
2005,35670,Napranum,NAPRANUM,482,1712
2005,35740,Noosa,NOOSA,35794,95270
2005,35760,North Burnett,NORTH BURNETT,7747,20806
2005,35780,Northern Peninsula Area,NORTHERN PENINSULA AREA,1088,4140
2005,35790,Palm Island,PALM ISLAND,1164,4206
2005,35800,Paroo,PAROO,1483,4084
2005,36070,Pormpuraaw,PORMPURAAW,415,1246
2005,36150,Quilpie,QUILPIE,751,2038
2005,36250,Redland,REDLAND,92020,257308
2005,36300,Richmond,RICHMOND,680,1950
2005,36370,Rockhampton,ROCKHAMPTON,51639,146370
2005,36510,Scenic Rim,SCENIC RIM,24280,67120
2005,36580,Somerset,SOMERSET,13786,38170
2005,36630,South Burnett,SOUTH BURNETT,20898,58100
2005,36660,Southern Downs,SOUTHERN DOWNS,22891,64020
2005,36720,Sunshine Coast,SUNSHINE COAST,169933,460336
2005,36820,Tablelands,TABLELANDS,16436,45722
2005,36910,Toowoomba,TOOWOOMBA,101267,287582
2005,36950,Torres,TORRES,2169,6962
2005,36960,Torres Strait Island,TORRES STRAIT ISLAND,2515,8970
2005,37010,Townsville,TOWNSVILLE,109495,310660
2005,37300,Weipa,WEIPA,1808,5442
2005,37310,Western Downs,WESTERN DOWNS,20313,57674
2005,37340,Whitsunday,WHITSUNDAY,22414,59212
2005,37400,Winton,WINTON,1098,2908
2005,37550,Woorabinda,WOORABINDA,470,1830
2005,37570,Wujal Wujal,WUJAL WUJAL,210,684
2005,37600,Yarrabah,YARRABAH,1257,4820
2006,30250,Aurukun,AURUKUN,650,2178
2006,30300,Balonne,BALONNE,3291,9508
2006,30370,Banana,BANANA,10611,30052
2006,30410,Barcaldine,BARCALDINE,2396,6682
2006,30450,Barcoo,BARCOO,291,740
2006,30760,Blackall Tambo,BLACKALL TAMBO,1562,4126
2006,30900,Boulia,BOULIA,313,868
2006,31000,Brisbane,BRISBANE,745720,1975662
2006,31750,Bulloo,BULLOO,296,760
2006,31820,Bundaberg,BUNDABERG,61858,169632
2006,31900,Burdekin,BURDEKIN,12705,34902
2006,31950,Burke,BURKE,407,1024
2006,32080,Cairns,CAIRNS,94611,263686
2006,32250,Carpentaria,CARPENTARIA,1417,4006
2006,32260,Cassowary Coast,CASSOWARY COAST,20690,57206
2006,32270,Central Highlands (Qld),CENTRAL HIGHLANDS,18710,54530
2006,32310,Charters Towers,CHARTERS TOWERS,8025,23458
2006,32330,Cherbourg,CHERBOURG,602,2364
2006,32450,Cloncurry,CLONCURRY,2228,6496
2006,32500,Cook,COOK,2685,7130
2006,32600,Croydon,CROYDON,173,528
2006,32750,Diamantina,DIAMANTINA,211,582
2006,32770,Doomadgee,DOOMADGEE,602,2258
2006,32810,Douglas,DOUGLAS,7989,21048
2006,33100,Etheridge,ETHERIDGE,673,1738
2006,33200,Flinders (Qld),FLINDERS,1290,3688
2006,33220,Fraser Coast,FRASER COAST,64241,172234
2006,33360,Gladstone,GLADSTONE,36089,104102
2006,33430,Gold Coast,GOLD COAST,339587,900150
2006,33610,Goondiwindi,GOONDIWINDI,7430,20728
2006,33620,Gympie,GYMPIE,30835,85256
2006,33800,Hinchinbrook,HINCHINBROOK,8639,23620
2006,33830,Hope Vale,HOPE VALE,501,1624
2006,33960,Ipswich,IPSWICH,97816,283972
2006,33980,Isaac,ISAAC,13974,40744
2006,34420,Kowanyama,KOWANYAMA,669,2126
2006,34530,Livingstone,LIVINGSTONE,21181,59086
2006,34570,Lockhart River,LOCKHART RIVER,336,1156
2006,34580,Lockyer Valley,LOCKYER VALLEY,21894,62610
2006,34590,Logan,LOGAN,176901,518232
2006,34710,Longreach,LONGREACH,2968,8348
2006,34770,Mackay,MACKAY,73760,207134
2006,34800,McKinlay,MCKINLAY,712,1844
2006,34830,Mapoon,MAPOON,147,494
2006,34860,Maranoa,MARANOA,8910,25224
2006,34880,Mareeba,MAREEBA,13807,37506
2006,35010,Moreton Bay,MORETON BAY,234422,663426
2006,35250,Mornington,MORNINGTON,687,2164
2006,35300,Mount Isa,MOUNT ISA,13698,40748
2006,35600,Murweh,MURWEH,3322,9384
2006,35670,Napranum,NAPRANUM,500,1752
2006,35740,Noosa,NOOSA,36225,96164
2006,35760,North Burnett,NORTH BURNETT,7746,20756
2006,35780,Northern Peninsula Area,NORTHERN PENINSULA AREA,1073,4126
2006,35790,Palm Island,PALM ISLAND,1128,4140
2006,35800,Paroo,PAROO,1451,3982
2006,36070,Pormpuraaw,PORMPURAAW,417,1242
2006,36150,Quilpie,QUILPIE,753,2024
2006,36250,Redland,REDLAND,93785,261520
2006,36300,Richmond,RICHMOND,660,1870
2006,36370,Rockhampton,ROCKHAMPTON,52419,148408
2006,36510,Scenic Rim,SCENIC RIM,24805,68462
2006,36580,Somerset,SOMERSET,14238,39216
2006,36630,South Burnett,SOUTH BURNETT,21364,59398
2006,36660,Southern Downs,SOUTHERN DOWNS,23300,64822
2006,36720,Sunshine Coast,SUNSHINE COAST,175129,473308
2006,36820,Tablelands,TABLELANDS,16754,46456
2006,36910,Toowoomba,TOOWOOMBA,103067,291984
2006,36950,Torres,TORRES,2017,6746
2006,36960,Torres Strait Island,TORRES STRAIT ISLAND,2586,9096
2006,37010,Townsville,TOWNSVILLE,112965,318964
2006,37300,Weipa,WEIPA,1926,5804
2006,37310,Western Downs,WESTERN DOWNS,20536,58244
2006,37340,Whitsunday,WHITSUNDAY,23042,60510
2006,37400,Winton,WINTON,1087,2846
2006,37550,Woorabinda,WOORABINDA,470,1772
2006,37570,Wujal Wujal,WUJAL WUJAL,201,672
2006,37600,Yarrabah,YARRABAH,1284,4936
2007,30250,Aurukun,AURUKUN,707,2328
2007,30300,Balonne,BALONNE,3290,9520
2007,30370,Banana,BANANA,10486,29766
2007,30410,Barcaldine,BARCALDINE,2404,6676
2007,30450,Barcoo,BARCOO,288,728
2007,30760,Blackall Tambo,BLACKALL TAMBO,1571,4152
2007,30900,Boulia,BOULIA,301,856
2007,31000,Brisbane,BRISBANE,763182,2020444
2007,31750,Bulloo,BULLOO,284,738
2007,31820,Bundaberg,BUNDABERG,63317,172972
2007,31900,Burdekin,BURDEKIN,12763,35136
2007,31950,Burke,BURKE,404,1064
2007,32080,Cairns,CAIRNS,97707,272502
2007,32250,Carpentaria,CARPENTARIA,1480,4174
2007,32260,Cassowary Coast,CASSOWARY COAST,20865,57412
2007,32270,Central Highlands (Qld),CENTRAL HIGHLANDS,18937,55192
2007,32310,Charters Towers,CHARTERS TOWERS,8211,23830
2007,32330,Cherbourg,CHERBOURG,597,2380
2007,32450,Cloncurry,CLONCURRY,2251,6500
2007,32500,Cook,COOK,2736,7300
2007,32600,Croydon,CROYDON,180,542
2007,32750,Diamantina,DIAMANTINA,215,580
2007,32770,Doomadgee,DOOMADGEE,649,2388
2007,32810,Douglas,DOUGLAS,8180,21536
2007,33100,Etheridge,ETHERIDGE,715,1804
2007,33200,Flinders (Qld),FLINDERS,1306,3684
2007,33220,Fraser Coast,FRASER COAST,66607,178218
2007,33360,Gladstone,GLADSTONE,37348,107174
2007,33430,Gold Coast,GOLD COAST,351854,933880
2007,33610,Goondiwindi,GOONDIWINDI,7488,20936
2007,33620,Gympie,GYMPIE,31669,87268
2007,33800,Hinchinbrook,HINCHINBROOK,8690,23644
2007,33830,Hope Vale,HOPE VALE,520,1700
2007,33960,Ipswich,IPSWICH,101914,296266
2007,33980,Isaac,ISAAC,14488,42036
2007,34420,Kowanyama,KOWANYAMA,694,2150
2007,34530,Livingstone,LIVINGSTONE,22056,61258
2007,34570,Lockhart River,LOCKHART RIVER,340,1146
2007,34580,Lockyer Valley,LOCKYER VALLEY,22493,64100
2007,34590,Logan,LOGAN,180992,528820
2007,34710,Longreach,LONGREACH,2981,8348
2007,34770,Mackay,MACKAY,75615,212052
2007,34800,McKinlay,MCKINLAY,743,1926
2007,34830,Mapoon,MAPOON,162,508
2007,34860,Maranoa,MARANOA,9045,25540
2007,34880,Mareeba,MAREEBA,14141,38390
2007,35010,Moreton Bay,MORETON BAY,243950,689090
2007,35250,Mornington,MORNINGTON,697,2238
2007,35300,Mount Isa,MOUNT ISA,14008,41422
2007,35600,Murweh,MURWEH,3293,9330
2007,35670,Napranum,NAPRANUM,504,1762
2007,35740,Noosa,NOOSA,36728,97190
2007,35760,North Burnett,NORTH BURNETT,7714,20644
2007,35780,Northern Peninsula Area,NORTHERN PENINSULA AREA,1149,4336
2007,35790,Palm Island,PALM ISLAND,1170,4324
2007,35800,Paroo,PAROO,1411,3892
2007,36070,Pormpuraaw,PORMPURAAW,438,1294
2007,36150,Quilpie,QUILPIE,726,1988
2007,36250,Redland,REDLAND,96136,267192
2007,36300,Richmond,RICHMOND,653,1816
2007,36370,Rockhampton,ROCKHAMPTON,53231,150390
2007,36510,Scenic Rim,SCENIC RIM,25384,69966
2007,36580,Somerset,SOMERSET,14506,39838
2007,36630,South Burnett,SOUTH BURNETT,21699,60228
2007,36660,Southern Downs,SOUTHERN DOWNS,23730,65866
2007,36720,Sunshine Coast,SUNSHINE COAST,180297,486618
2007,36820,Tablelands,TABLELANDS,17091,47106
2007,36910,Toowoomba,TOOWOOMBA,104637,295854
2007,36950,Torres,TORRES,2064,6836
2007,36960,Torres Strait Island,TORRES STRAIT ISLAND,2602,9154
2007,37010,Townsville,TOWNSVILLE,115836,327018
2007,37300,Weipa,WEIPA,2093,6266
2007,37310,Western Downs,WESTERN DOWNS,20774,59040
2007,37340,Whitsunday,WHITSUNDAY,23410,61518
2007,37400,Winton,WINTON,1053,2806
2007,37550,Woorabinda,WOORABINDA,489,1804
2007,37570,Wujal Wujal,WUJAL WUJAL,198,650
2007,37600,Yarrabah,YARRABAH,1288,4996
2008,30250,Aurukun,AURUKUN,755,2504
2008,30300,Balonne,BALONNE,3299,9572
2008,30370,Banana,BANANA,10492,29760
2008,30410,Barcaldine,BARCALDINE,2408,6644
2008,30450,Barcoo,BARCOO,294,742
2008,30760,Blackall Tambo,BLACKALL TAMBO,1604,4248
2008,30900,Boulia,BOULIA,318,886
2008,31000,Brisbane,BRISBANE,781229,2066944
2008,31750,Bulloo,BULLOO,293,758
2008,31820,Bundaberg,BUNDABERG,65028,177198
2008,31900,Burdekin,BURDEKIN,12833,35306
2008,31950,Burke,BURKE,401,1084
2008,32080,Cairns,CAIRNS,101269,282806
2008,32250,Carpentaria,CARPENTARIA,1514,4248
2008,32260,Cassowary Coast,CASSOWARY COAST,20987,57478
2008,32270,Central Highlands (Qld),CENTRAL HIGHLANDS,19249,56180
2008,32310,Charters Towers,CHARTERS TOWERS,8373,24192
2008,32330,Cherbourg,CHERBOURG,617,2412
2008,32450,Cloncurry,CLONCURRY,2326,6616
2008,32500,Cook,COOK,2829,7574
2008,32600,Croydon,CROYDON,198,594
2008,32750,Diamantina,DIAMANTINA,223,590
2008,32770,Doomadgee,DOOMADGEE,674,2470
2008,32810,Douglas,DOUGLAS,8358,21990
2008,33100,Etheridge,ETHERIDGE,737,1830
2008,33200,Flinders (Qld),FLINDERS,1296,3674
2008,33220,Fraser Coast,FRASER COAST,68799,184036
2008,33360,Gladstone,GLADSTONE,38765,110850
2008,33430,Gold Coast,GOLD COAST,362151,963138
2008,33610,Goondiwindi,GOONDIWINDI,7575,21210
2008,33620,Gympie,GYMPIE,32484,89400
2008,33800,Hinchinbrook,HINCHINBROOK,8738,23652
2008,33830,Hope Vale,HOPE VALE,544,1794
2008,33960,Ipswich,IPSWICH,106235,308856
2008,33980,Isaac,ISAAC,15008,43264
2008,34420,Kowanyama,KOWANYAMA,697,2158
2008,34530,Livingstone,LIVINGSTONE,22605,62814
2008,34570,Lockhart River,LOCKHART RIVER,340,1110
2008,34580,Lockyer Valley,LOCKYER VALLEY,23158,65948
2008,34590,Logan,LOGAN,185742,541256
2008,34710,Longreach,LONGREACH,2992,8386
2008,34770,Mackay,MACKAY,77590,217288
2008,34800,McKinlay,MCKINLAY,769,1988
2008,34830,Mapoon,MAPOON,170,524
2008,34860,Maranoa,MARANOA,9193,25904
2008,34880,Mareeba,MAREEBA,14515,39474
2008,35010,Moreton Bay,MORETON BAY,253289,714998
2008,35250,Mornington,MORNINGTON,681,2240
2008,35300,Mount Isa,MOUNT ISA,14543,42762
2008,35600,Murweh,MURWEH,3283,9336
2008,35670,Napranum,NAPRANUM,508,1780
2008,35740,Noosa,NOOSA,37602,99200
2008,35760,North Burnett,NORTH BURNETT,7752,20670
2008,35780,Northern Peninsula Area,NORTHERN PENINSULA AREA,1206,4468
2008,35790,Palm Island,PALM ISLAND,1231,4530
2008,35800,Paroo,PAROO,1385,3842
2008,36070,Pormpuraaw,PORMPURAAW,455,1324
2008,36150,Quilpie,QUILPIE,717,1984
2008,36250,Redland,REDLAND,98641,273542
2008,36300,Richmond,RICHMOND,663,1790
2008,36370,Rockhampton,ROCKHAMPTON,54137,152544
2008,36510,Scenic Rim,SCENIC RIM,25838,71156
2008,36580,Somerset,SOMERSET,14812,40732
2008,36630,South Burnett,SOUTH BURNETT,22015,61166
2008,36660,Southern Downs,SOUTHERN DOWNS,24164,66902
2008,36720,Sunshine Coast,SUNSHINE COAST,186045,501600
2008,36820,Tablelands,TABLELANDS,17372,47770
2008,36910,Toowoomba,TOOWOOMBA,106292,300280
2008,36950,Torres,TORRES,2104,6914
2008,36960,Torres Strait Island,TORRES STRAIT ISLAND,2616,9212
2008,37010,Townsville,TOWNSVILLE,119409,337006
2008,37300,Weipa,WEIPA,2174,6492
2008,37310,Western Downs,WESTERN DOWNS,21258,60470
2008,37340,Whitsunday,WHITSUNDAY,23824,62674
2008,37400,Winton,WINTON,1022,2744
2008,37550,Woorabinda,WOORABINDA,512,1832
2008,37570,Wujal Wujal,WUJAL WUJAL,191,638
2008,37600,Yarrabah,YARRABAH,1315,5062
2009,30250,Aurukun,AURUKUN,798,2630
2009,30300,Balonne,BALONNE,3321,9626
2009,30370,Banana,BANANA,10572,29882
2009,30410,Barcaldine,BARCALDINE,2403,6606
2009,30450,Barcoo,BARCOO,291,720
2009,30760,Blackall Tambo,BLACKALL TAMBO,1639,4342
2009,30900,Boulia,BOULIA,325,912
2009,31000,Brisbane,BRISBANE,800616,2115384
2009,31750,Bulloo,BULLOO,305,780
2009,31820,Bundaberg,BUNDABERG,66496,180670
2009,31900,Burdekin,BURDEKIN,12942,35552
2009,31950,Burke,BURKE,404,1086
2009,32080,Cairns,CAIRNS,104428,291924
2009,32250,Carpentaria,CARPENTARIA,1543,4272
2009,32260,Cassowary Coast,CASSOWARY COAST,21090,57522
2009,32270,Central Highlands (Qld),CENTRAL HIGHLANDS,19783,57428
2009,32310,Charters Towers,CHARTERS TOWERS,8510,24478
2009,32330,Cherbourg,CHERBOURG,625,2444
2009,32450,Cloncurry,CLONCURRY,2344,6608
2009,32500,Cook,COOK,2994,7976
2009,32600,Croydon,CROYDON,213,614
2009,32750,Diamantina,DIAMANTINA,227,592
2009,32770,Doomadgee,DOOMADGEE,688,2546
2009,32810,Douglas,DOUGLAS,8492,22232
2009,33100,Etheridge,ETHERIDGE,747,1854
2009,33200,Flinders (Qld),FLINDERS,1321,3668
2009,33220,Fraser Coast,FRASER COAST,70894,189626
2009,33360,Gladstone,GLADSTONE,40023,114092
2009,33430,Gold Coast,GOLD COAST,372677,991670
2009,33610,Goondiwindi,GOONDIWINDI,7642,21444
2009,33620,Gympie,GYMPIE,33363,91548
2009,33800,Hinchinbrook,HINCHINBROOK,8798,23658
2009,33830,Hope Vale,HOPE VALE,584,1910
2009,33960,Ipswich,IPSWICH,111415,323328
2009,33980,Isaac,ISAAC,15468,44474
2009,34420,Kowanyama,KOWANYAMA,712,2176
2009,34530,Livingstone,LIVINGSTONE,23416,64948
2009,34570,Lockhart River,LOCKHART RIVER,343,1108
2009,34580,Lockyer Valley,LOCKYER VALLEY,24123,68666
2009,34590,Logan,LOGAN,191012,554744
2009,34710,Longreach,LONGREACH,3004,8438
2009,34770,Mackay,MACKAY,79807,222910
2009,34800,McKinlay,MCKINLAY,785,2022
2009,34830,Mapoon,MAPOON,181,542
2009,34860,Maranoa,MARANOA,9315,26226
2009,34880,Mareeba,MAREEBA,14822,40354
2009,35010,Moreton Bay,MORETON BAY,262763,740894
2009,35250,Mornington,MORNINGTON,688,2316
2009,35300,Mount Isa,MOUNT ISA,14777,43214
2009,35600,Murweh,MURWEH,3323,9398
2009,35670,Napranum,NAPRANUM,521,1802
2009,35740,Noosa,NOOSA,38295,100630
2009,35760,North Burnett,NORTH BURNETT,7826,20754
2009,35780,Northern Peninsula Area,NORTHERN PENINSULA AREA,1225,4546
2009,35790,Palm Island,PALM ISLAND,1279,4666
2009,35800,Paroo,PAROO,1367,3818
2009,36070,Pormpuraaw,PORMPURAAW,461,1346
2009,36150,Quilpie,QUILPIE,722,1992
2009,36250,Redland,REDLAND,101116,279718
2009,36300,Richmond,RICHMOND,674,1796
2009,36370,Rockhampton,ROCKHAMPTON,55148,154896
2009,36510,Scenic Rim,SCENIC RIM,26552,73050
2009,36580,Somerset,SOMERSET,15319,42142
2009,36630,South Burnett,SOUTH BURNETT,22513,62346
2009,36660,Southern Downs,SOUTHERN DOWNS,24669,67952
2009,36720,Sunshine Coast,SUNSHINE COAST,191687,516094
2009,36820,Tablelands,TABLELANDS,17572,48206
2009,36910,Toowoomba,TOOWOOMBA,108166,305050
2009,36950,Torres,TORRES,2129,6962
2009,36960,Torres Strait Island,TORRES STRAIT ISLAND,2610,9218
2009,37010,Townsville,TOWNSVILLE,122796,346134
2009,37300,Weipa,WEIPA,2228,6606
2009,37310,Western Downs,WESTERN DOWNS,21712,61786
2009,37340,Whitsunday,WHITSUNDAY,24168,63676
2009,37400,Winton,WINTON,1020,2742
2009,37550,Woorabinda,WOORABINDA,504,1868
2009,37570,Wujal Wujal,WUJAL WUJAL,184,622
2009,37600,Yarrabah,YARRABAH,1341,5070
2010,30250,Aurukun,AURUKUN,817,2730
2010,30300,Balonne,BALONNE,3337,9666
2010,30370,Banana,BANANA,10548,29710
2010,30410,Barcaldine,BARCALDINE,2400,6590
2010,30450,Barcoo,BARCOO,286,720
2010,30760,Blackall Tambo,BLACKALL TAMBO,1660,4432
2010,30900,Boulia,BOULIA,341,970
2010,31000,Brisbane,BRISBANE,814352,2146288
2010,31750,Bulloo,BULLOO,315,810
2010,31820,Bundaberg,BUNDABERG,67568,182800
2010,31900,Burdekin,BURDEKIN,12974,35572
2010,31950,Burke,BURKE,421,1098
2010,32080,Cairns,CAIRNS,106532,297886
2010,32250,Carpentaria,CARPENTARIA,1581,4364
2010,32260,Cassowary Coast,CASSOWARY COAST,21167,57436
2010,32270,Central Highlands (Qld),CENTRAL HIGHLANDS,20066,58164
2010,32310,Charters Towers,CHARTERS TOWERS,8604,24632
2010,32330,Cherbourg,CHERBOURG,650,2490
2010,32450,Cloncurry,CLONCURRY,2382,6602
2010,32500,Cook,COOK,3104,8270
2010,32600,Croydon,CROYDON,223,638
2010,32750,Diamantina,DIAMANTINA,227,586
2010,32770,Doomadgee,DOOMADGEE,721,2654
2010,32810,Douglas,DOUGLAS,8550,22292
2010,33100,Etheridge,ETHERIDGE,743,1846
2010,33200,Flinders (Qld),FLINDERS,1345,3668
2010,33220,Fraser Coast,FRASER COAST,72203,193236
2010,33360,Gladstone,GLADSTONE,40575,115394
2010,33430,Gold Coast,GOLD COAST,380911,1012270
2010,33610,Goondiwindi,GOONDIWINDI,7699,21646
2010,33620,Gympie,GYMPIE,33873,92732
2010,33800,Hinchinbrook,HINCHINBROOK,8853,23616
2010,33830,Hope Vale,HOPE VALE,621,2022
2010,33960,Ipswich,IPSWICH,115470,334268
2010,33980,Isaac,ISAAC,15801,45316
2010,34420,Kowanyama,KOWANYAMA,732,2206
2010,34530,Livingstone,LIVINGSTONE,23826,65812
2010,34570,Lockhart River,LOCKHART RIVER,356,1104
2010,34580,Lockyer Valley,LOCKYER VALLEY,24699,70220
2010,34590,Logan,LOGAN,195081,564378
2010,34710,Longreach,LONGREACH,2998,8500
2010,34770,Mackay,MACKAY,81744,227338
2010,34800,McKinlay,MCKINLAY,823,2088
2010,34830,Mapoon,MAPOON,198,552
2010,34860,Maranoa,MARANOA,9462,26572
2010,34880,Mareeba,MAREEBA,15064,40990
2010,35010,Moreton Bay,MORETON BAY,271128,762714
2010,35250,Mornington,MORNINGTON,683,2368
2010,35300,Mount Isa,MOUNT ISA,15031,43660
2010,35600,Murweh,MURWEH,3338,9428
2010,35670,Napranum,NAPRANUM,530,1820
2010,35740,Noosa,NOOSA,38785,101540
2010,35760,North Burnett,NORTH BURNETT,7853,20716
2010,35780,Northern Peninsula Area,NORTHERN PENINSULA AREA,1309,4782
2010,35790,Palm Island,PALM ISLAND,1358,4860
2010,35800,Paroo,PAROO,1379,3848
2010,36070,Pormpuraaw,PORMPURAAW,478,1382
2010,36150,Quilpie,QUILPIE,730,2006
2010,36250,Redland,REDLAND,102764,283104
2010,36300,Richmond,RICHMOND,662,1746
2010,36370,Rockhampton,ROCKHAMPTON,55864,156386
2010,36510,Scenic Rim,SCENIC RIM,27106,74334
2010,36580,Somerset,SOMERSET,15744,43434
2010,36630,South Burnett,SOUTH BURNETT,22799,63036
2010,36660,Southern Downs,SOUTHERN DOWNS,24998,68626
2010,36720,Sunshine Coast,SUNSHINE COAST,195972,526106
2010,36820,Tablelands,TABLELANDS,17771,48460
2010,36910,Toowoomba,TOOWOOMBA,109771,308444
2010,36950,Torres,TORRES,2130,6970
2010,36960,Torres Strait Island,TORRES STRAIT ISLAND,2601,9200
2010,37010,Townsville,TOWNSVILLE,125652,353056
2010,37300,Weipa,WEIPA,2244,6674
2010,37310,Western Downs,WESTERN DOWNS,22092,62932
2010,37340,Whitsunday,WHITSUNDAY,24384,64280
2010,37400,Winton,WINTON,1027,2718
2010,37550,Woorabinda,WOORABINDA,513,1914
2010,37570,Wujal Wujal,WUJAL WUJAL,180,594
2010,37600,Yarrabah,YARRABAH,1391,5176
2011,30250,Aurukun,AURUKUN,862,2796
2011,30300,Balonne,BALONNE,3370,9724
2011,30370,Banana,BANANA,10547,29624
2011,30410,Barcaldine,BARCALDINE,2408,6584
2011,30450,Barcoo,BARCOO,288,726
2011,30760,Blackall Tambo,BLACKALL TAMBO,1693,4514
2011,30900,Boulia,BOULIA,344,986
2011,31000,Brisbane,BRISBANE,829629,2179758
2011,31750,Bulloo,BULLOO,328,836
2011,31820,Bundaberg,BUNDABERG,68217,184126
2011,31900,Burdekin,BURDEKIN,12981,35550
2011,31950,Burke,BURKE,431,1114
2011,32080,Cairns,CAIRNS,108237,301984
2011,32250,Carpentaria,CARPENTARIA,1588,4394
2011,32260,Cassowary Coast,CASSOWARY COAST,21231,57272
2011,32270,Central Highlands (Qld),CENTRAL HIGHLANDS,20411,59082
2011,32310,Charters Towers,CHARTERS TOWERS,8690,24868
2011,32330,Cherbourg,CHERBOURG,669,2528
2011,32450,Cloncurry,CLONCURRY,2442,6684
2011,32500,Cook,COOK,3304,8818
2011,32600,Croydon,CROYDON,227,654
2011,32750,Diamantina,DIAMANTINA,234,584
2011,32770,Doomadgee,DOOMADGEE,777,2748
2011,32810,Douglas,DOUGLAS,8604,22372
2011,33100,Etheridge,ETHERIDGE,735,1858
2011,33200,Flinders (Qld),FLINDERS,1360,3680
2011,33220,Fraser Coast,FRASER COAST,73156,195322
2011,33360,Gladstone,GLADSTONE,41937,118922
2011,33430,Gold Coast,GOLD COAST,388681,1030404
2011,33610,Goondiwindi,GOONDIWINDI,7732,21800
2011,33620,Gympie,GYMPIE,34300,93674
2011,33800,Hinchinbrook,HINCHINBROOK,8938,23634
2011,33830,Hope Vale,HOPE VALE,656,2104
2011,33960,Ipswich,IPSWICH,118906,344400
2011,33980,Isaac,ISAAC,16123,46376
2011,34420,Kowanyama,KOWANYAMA,702,2224
2011,34530,Livingstone,LIVINGSTONE,24339,66788
2011,34570,Lockhart River,LOCKHART RIVER,344,1040
2011,34580,Lockyer Valley,LOCKYER VALLEY,25281,71760
2011,34590,Logan,LOGAN,199496,574948
2011,34710,Longreach,LONGREACH,3014,8592
2011,34770,Mackay,MACKAY,83699,231920
2011,34800,McKinlay,MCKINLAY,834,2170
2011,34830,Mapoon,MAPOON,206,562
2011,34860,Maranoa,MARANOA,9605,26874
2011,34880,Mareeba,MAREEBA,15267,41490
2011,35010,Moreton Bay,MORETON BAY,278031,780102
2011,35250,Mornington,MORNINGTON,699,2440
2011,35300,Mount Isa,MOUNT ISA,15391,44158
2011,35600,Murweh,MURWEH,3386,9462
2011,35670,Napranum,NAPRANUM,531,1816
2011,35740,Noosa,NOOSA,39114,102076
2011,35760,North Burnett,NORTH BURNETT,7801,20748
2011,35780,Northern Peninsula Area,NORTHERN PENINSULA AREA,1379,4926
2011,35790,Palm Island,PALM ISLAND,1460,5076
2011,35800,Paroo,PAROO,1410,3874
2011,36070,Pormpuraaw,PORMPURAAW,491,1430
2011,36150,Quilpie,QUILPIE,736,2014
2011,36250,Redland,REDLAND,104920,287422
2011,36300,Richmond,RICHMOND,643,1694
2011,36370,Rockhampton,ROCKHAMPTON,56422,157878
2011,36510,Scenic Rim,SCENIC RIM,27345,74874
2011,36580,Somerset,SOMERSET,16114,44400
2011,36630,South Burnett,SOUTH BURNETT,23033,63606
2011,36660,Southern Downs,SOUTHERN DOWNS,25254,69298
2011,36720,Sunshine Coast,SUNSHINE COAST,199743,534482
2011,36820,Tablelands,TABLELANDS,17988,48744
2011,36910,Toowoomba,TOOWOOMBA,110959,310946
2011,36950,Torres,TORRES,2164,6954
2011,36960,Torres Strait Island,TORRES STRAIT ISLAND,2590,9156
2011,37010,Townsville,TOWNSVILLE,128744,360228
2011,37300,Weipa,WEIPA,2330,6846
2011,37310,Western Downs,WESTERN DOWNS,22770,64730
2011,37340,Whitsunday,WHITSUNDAY,24636,64832
2011,37400,Winton,WINTON,1045,2760
2011,37550,Woorabinda,WOORABINDA,524,1952
2011,37570,Wujal Wujal,WUJAL WUJAL,170,574
2011,37600,Yarrabah,YARRABAH,1433,5190
2012,30250,Aurukun,AURUKUN,863,2744
2012,30300,Balonne,BALONNE,3365,9574
2012,30370,Banana,BANANA,10623,29704
2012,30410,Barcaldine,BARCALDINE,2405,6498
2012,30450,Barcoo,BARCOO,283,696
2012,30760,Blackall Tambo,BLACKALL TAMBO,1698,4472
2012,30900,Boulia,BOULIA,341,972
2012,31000,Brisbane,BRISBANE,845226,2223596
2012,31750,Bulloo,BULLOO,329,820
2012,31820,Bundaberg,BUNDABERG,69342,186586
2012,31900,Burdekin,BURDEKIN,13137,35724
2012,31950,Burke,BURKE,415,1102
2012,32080,Cairns,CAIRNS,110759,308082
2012,32250,Carpentaria,CARPENTARIA,1582,4340
2012,32260,Cassowary Coast,CASSOWARY COAST,21445,57760
2012,32270,Central Highlands (Qld),CENTRAL HIGHLANDS,20670,59482
2012,32310,Charters Towers,CHARTERS TOWERS,8674,24806
2012,32330,Cherbourg,CHERBOURG,689,2566
2012,32450,Cloncurry,CLONCURRY,2497,6718
2012,32500,Cook,COOK,3167,8410
2012,32600,Croydon,CROYDON,214,634
2012,32750,Diamantina,DIAMANTINA,226,590
2012,32770,Doomadgee,DOOMADGEE,759,2736
2012,32810,Douglas,DOUGLAS,8713,22760
2012,33100,Etheridge,ETHERIDGE,714,1794
2012,33200,Flinders (Qld),FLINDERS,1346,3590
2012,33220,Fraser Coast,FRASER COAST,74603,198042
2012,33360,Gladstone,GLADSTONE,42791,121042
2012,33430,Gold Coast,GOLD COAST,398322,1056684
2012,33610,Goondiwindi,GOONDIWINDI,7792,21888
2012,33620,Gympie,GYMPIE,35248,95572
2012,33800,Hinchinbrook,HINCHINBROOK,8951,23526
2012,33830,Hope Vale,HOPE VALE,651,2118
2012,33960,Ipswich,IPSWICH,123120,356430
2012,33980,Isaac,ISAAC,16357,46688
2012,34420,Kowanyama,KOWANYAMA,701,2156
2012,34530,Livingstone,LIVINGSTONE,25112,68762
2012,34570,Lockhart River,LOCKHART RIVER,375,1158
2012,34580,Lockyer Valley,LOCKYER VALLEY,25857,73094
2012,34590,Logan,LOGAN,204501,587948
2012,34710,Longreach,LONGREACH,2990,8434
2012,34770,Mackay,MACKAY,85031,234990
2012,34800,McKinlay,MCKINLAY,820,2082
2012,34830,Mapoon,MAPOON,206,580
2012,34860,Maranoa,MARANOA,9640,26848
2012,34880,Mareeba,MAREEBA,15445,41906
2012,35010,Moreton Bay,MORETON BAY,286761,802376
2012,35250,Mornington,MORNINGTON,727,2436
2012,35300,Mount Isa,MOUNT ISA,15344,43916
2012,35600,Murweh,MURWEH,3405,9474
2012,35670,Napranum,NAPRANUM,600,1838
2012,35740,Noosa,NOOSA,39677,103356
2012,35760,North Burnett,NORTH BURNETT,7833,20816
2012,35780,Northern Peninsula Area,NORTHERN PENINSULA AREA,1414,5094
2012,35790,Palm Island,PALM ISLAND,1474,5078
2012,35800,Paroo,PAROO,1411,3806
2012,36070,Pormpuraaw,PORMPURAAW,474,1460
2012,36150,Quilpie,QUILPIE,731,1966
2012,36250,Redland,REDLAND,106805,291438
2012,36300,Richmond,RICHMOND,614,1682
2012,36370,Rockhampton,ROCKHAMPTON,57838,161110
2012,36510,Scenic Rim,SCENIC RIM,27777,75932
2012,36580,Somerset,SOMERSET,16523,45522
2012,36630,South Burnett,SOUTH BURNETT,23600,64680
2012,36660,Southern Downs,SOUTHERN DOWNS,25578,70026
2012,36720,Sunshine Coast,SUNSHINE COAST,205714,549656
2012,36820,Tablelands,TABLELANDS,18279,49206
2012,36910,Toowoomba,TOOWOOMBA,113052,315768
2012,36950,Torres,TORRES,2210,7134
2012,36960,Torres Strait Island,TORRES STRAIT ISLAND,2631,9198
2012,37010,Townsville,TOWNSVILLE,131658,367224
2012,37300,Weipa,WEIPA,2535,7368
2012,37310,Western Downs,WESTERN DOWNS,23162,65798
2012,37340,Whitsunday,WHITSUNDAY,25469,66794
2012,37400,Winton,WINTON,1020,2690
2012,37550,Woorabinda,WOORABINDA,543,1968
2012,37570,Wujal Wujal,WUJAL WUJAL,185,574
2012,37600,Yarrabah,YARRABAH,1445,5286
2013,30250,Aurukun,AURUKUN,862,2700
2013,30300,Balonne,BALONNE,3381,9552
2013,30370,Banana,BANANA,10756,29896
2013,30410,Barcaldine,BARCALDINE,2406,6464
2013,30450,Barcoo,BARCOO,275,666
2013,30760,Blackall Tambo,BLACKALL TAMBO,1692,4428
2013,30900,Boulia,BOULIA,338,962
2013,31000,Brisbane,BRISBANE,859622,2263992
2013,31750,Bulloo,BULLOO,304,792
2013,31820,Bundaberg,BUNDABERG,70119,187700
2013,31900,Burdekin,BURDEKIN,13131,35508
2013,31950,Burke,BURKE,380,1012
2013,32080,Cairns,CAIRNS,113151,313528
2013,32250,Carpentaria,CARPENTARIA,1568,4292
2013,32260,Cassowary Coast,CASSOWARY COAST,21569,57900
2013,32270,Central Highlands (Qld),CENTRAL HIGHLANDS,20734,59564
2013,32310,Charters Towers,CHARTERS TOWERS,8692,24782
2013,32330,Cherbourg,CHERBOURG,695,2584
2013,32450,Cloncurry,CLONCURRY,2484,6654
2013,32500,Cook,COOK,3201,8444
2013,32600,Croydon,CROYDON,214,616
2013,32750,Diamantina,DIAMANTINA,221,598
2013,32770,Doomadgee,DOOMADGEE,767,2800
2013,32810,Douglas,DOUGLAS,8920,23170
2013,33100,Etheridge,ETHERIDGE,680,1728
2013,33200,Flinders (Qld),FLINDERS,1323,3508
2013,33220,Fraser Coast,FRASER COAST,76034,200580
2013,33360,Gladstone,GLADSTONE,44060,124316
2013,33430,Gold Coast,GOLD COAST,407247,1081374
2013,33610,Goondiwindi,GOONDIWINDI,7837,21904
2013,33620,Gympie,GYMPIE,35940,96982
2013,33800,Hinchinbrook,HINCHINBROOK,8866,23226
2013,33830,Hope Vale,HOPE VALE,637,2086
2013,33960,Ipswich,IPSWICH,126952,367376
2013,33980,Isaac,ISAAC,16378,46568
2013,34420,Kowanyama,KOWANYAMA,668,2084
2013,34530,Livingstone,LIVINGSTONE,25810,70558
2013,34570,Lockhart River,LOCKHART RIVER,390,1252
2013,34580,Lockyer Valley,LOCKYER VALLEY,26899,75364
2013,34590,Logan,LOGAN,209656,601090
2013,34710,Longreach,LONGREACH,2943,8208
2013,34770,Mackay,MACKAY,86156,237756
2013,34800,McKinlay,MCKINLAY,800,1984
2013,34830,Mapoon,MAPOON,202,586
2013,34860,Maranoa,MARANOA,9785,27030
2013,34880,Mareeba,MAREEBA,15841,42758
2013,35010,Moreton Bay,MORETON BAY,294278,821374
2013,35250,Mornington,MORNINGTON,722,2412
2013,35300,Mount Isa,MOUNT ISA,15300,43644
2013,35600,Murweh,MURWEH,3378,9370
2013,35670,Napranum,NAPRANUM,590,1844
2013,35740,Noosa,NOOSA,40372,104720
2013,35760,North Burnett,NORTH BURNETT,7921,20974
2013,35780,Northern Peninsula Area,NORTHERN PENINSULA AREA,1433,5240
2013,35790,Palm Island,PALM ISLAND,1493,5058
2013,35800,Paroo,PAROO,1399,3698
2013,36070,Pormpuraaw,PORMPURAAW,479,1474
2013,36150,Quilpie,QUILPIE,713,1888
2013,36250,Redland,REDLAND,108320,294656
2013,36300,Richmond,RICHMOND,620,1678
2013,36370,Rockhampton,ROCKHAMPTON,58824,163490
2013,36510,Scenic Rim,SCENIC RIM,28427,77464
2013,36580,Somerset,SOMERSET,17156,47238
2013,36630,South Burnett,SOUTH BURNETT,23969,65294
2013,36660,Southern Downs,SOUTHERN DOWNS,25991,71002
2013,36720,Sunshine Coast,SUNSHINE COAST,211336,563938
2013,36820,Tablelands,TABLELANDS,18536,49654
2013,36910,Toowoomba,TOOWOOMBA,114866,319832
2013,36950,Torres,TORRES,2269,7294
2013,36960,Torres Strait Island,TORRES STRAIT ISLAND,2661,9228
2013,37010,Townsville,TOWNSVILLE,133970,373038
2013,37300,Weipa,WEIPA,2627,7622
2013,37310,Western Downs,WESTERN DOWNS,23564,66830
2013,37340,Whitsunday,WHITSUNDAY,26075,68226
2013,37400,Winton,WINTON,1007,2624
2013,37550,Woorabinda,WOORABINDA,561,1972
2013,37570,Wujal Wujal,WUJAL WUJAL,198,578
2013,37600,Yarrabah,YARRABAH,1481,5372
2014,30250,Aurukun,AURUKUN,855,2664
2014,30300,Balonne,BALONNE,3375,9452
2014,30370,Banana,BANANA,10705,29720
2014,30410,Barcaldine,BARCALDINE,2363,6332
2014,30450,Barcoo,BARCOO,268,634
2014,30760,Blackall Tambo,BLACKALL TAMBO,1652,4304
2014,30900,Boulia,BOULIA,343,946
2014,31000,Brisbane,BRISBANE,872410,2298214
2014,31750,Bulloo,BULLOO,303,776
2014,31820,Bundaberg,BUNDABERG,70638,188050
2014,31900,Burdekin,BURDEKIN,13200,35390
2014,31950,Burke,BURKE,339,900
2014,32080,Cairns,CAIRNS,114899,317148
2014,32250,Carpentaria,CARPENTARIA,1553,4224
2014,32260,Cassowary Coast,CASSOWARY COAST,21751,58076
2014,32270,Central Highlands (Qld),CENTRAL HIGHLANDS,20650,59196
2014,32310,Charters Towers,CHARTERS TOWERS,8736,24734
2014,32330,Cherbourg,CHERBOURG,681,2600
2014,32450,Cloncurry,CLONCURRY,2446,6540
2014,32500,Cook,COOK,3117,8130
2014,32600,Croydon,CROYDON,222,606
2014,32750,Diamantina,DIAMANTINA,218,606
2014,32770,Doomadgee,DOOMADGEE,763,2844
2014,32810,Douglas,DOUGLAS,9121,23514
2014,33100,Etheridge,ETHERIDGE,655,1680
2014,33200,Flinders (Qld),FLINDERS,1318,3420
2014,33220,Fraser Coast,FRASER COAST,77359,202664
2014,33360,Gladstone,GLADSTONE,44970,126734
2014,33430,Gold Coast,GOLD COAST,414795,1101436
2014,33610,Goondiwindi,GOONDIWINDI,7834,21804
2014,33620,Gympie,GYMPIE,36588,98178
2014,33800,Hinchinbrook,HINCHINBROOK,8770,22824
2014,33830,Hope Vale,HOPE VALE,627,2060
2014,33960,Ipswich,IPSWICH,130768,378390
2014,33980,Isaac,ISAAC,16025,45572
2014,34420,Kowanyama,KOWANYAMA,650,2028
2014,34530,Livingstone,LIVINGSTONE,26463,72126
2014,34570,Lockhart River,LOCKHART RIVER,404,1342
2014,34580,Lockyer Valley,LOCKYER VALLEY,27574,76726
2014,34590,Logan,LOGAN,213336,610294
2014,34710,Longreach,LONGREACH,2899,8054
2014,34770,Mackay,MACKAY,86294,237832
2014,34800,McKinlay,MCKINLAY,769,1886
2014,34830,Mapoon,MAPOON,196,604
2014,34860,Maranoa,MARANOA,9758,26868
2014,34880,Mareeba,MAREEBA,16064,43084
2014,35010,Moreton Bay,MORETON BAY,301524,839528
2014,35250,Mornington,MORNINGTON,723,2404
2014,35300,Mount Isa,MOUNT ISA,14925,42522
2014,35600,Murweh,MURWEH,3377,9278
2014,35670,Napranum,NAPRANUM,576,1878
2014,35740,Noosa,NOOSA,41060,105976
2014,35760,North Burnett,NORTH BURNETT,7974,21094
2014,35780,Northern Peninsula Area,NORTHERN PENINSULA AREA,1478,5482
2014,35790,Palm Island,PALM ISLAND,1501,5054
2014,35800,Paroo,PAROO,1387,3614
2014,36070,Pormpuraaw,PORMPURAAW,485,1494
2014,36150,Quilpie,QUILPIE,691,1830
2014,36250,Redland,REDLAND,109721,297666
2014,36300,Richmond,RICHMOND,605,1676
2014,36370,Rockhampton,ROCKHAMPTON,59051,164272
2014,36510,Scenic Rim,SCENIC RIM,29380,79764
2014,36580,Somerset,SOMERSET,17805,48918
2014,36630,South Burnett,SOUTH BURNETT,24091,65212
2014,36660,Southern Downs,SOUTHERN DOWNS,26166,71160
2014,36720,Sunshine Coast,SUNSHINE COAST,216720,577304
2014,36820,Tablelands,TABLELANDS,18810,50120
2014,36910,Toowoomba,TOOWOOMBA,116573,323046
2014,36950,Torres,TORRES,2336,7434
2014,36960,Torres Strait Island,TORRES STRAIT ISLAND,2720,9380
2014,37010,Townsville,TOWNSVILLE,135905,377554
2014,37300,Weipa,WEIPA,2655,7726
2014,37310,Western Downs,WESTERN DOWNS,23911,67488
2014,37340,Whitsunday,WHITSUNDAY,26276,68724
2014,37400,Winton,WINTON,992,2552
2014,37550,Woorabinda,WOORABINDA,561,1980
2014,37570,Wujal Wujal,WUJAL WUJAL,203,582
2014,37600,Yarrabah,YARRABAH,1482,5388
2015,30250,Aurukun,AURUKUN,863,2642
2015,30300,Balonne,BALONNE,3300,9220
2015,30370,Banana,BANANA,10594,29414
2015,30410,Barcaldine,BARCALDINE,2296,6164
2015,30450,Barcoo,BARCOO,255,592
2015,30760,Blackall Tambo,BLACKALL TAMBO,1575,4070
2015,30900,Boulia,BOULIA,334,918
2015,31000,Brisbane,BRISBANE,885603,2330874
2015,31750,Bulloo,BULLOO,292,744
2015,31820,Bundaberg,BUNDABERG,70992,188056
2015,31900,Burdekin,BURDEKIN,13214,35132
2015,31950,Burke,BURKE,303,792
2015,32080,Cairns,CAIRNS,116466,319888
2015,32250,Carpentaria,CARPENTARIA,1533,4184
2015,32260,Cassowary Coast,CASSOWARY COAST,21918,58196
2015,32270,Central Highlands (Qld),CENTRAL HIGHLANDS,20291,58286
2015,32310,Charters Towers,CHARTERS TOWERS,8633,24470
2015,32330,Cherbourg,CHERBOURG,679,2608
2015,32450,Cloncurry,CLONCURRY,2380,6358
2015,32500,Cook,COOK,3221,8434
2015,32600,Croydon,CROYDON,216,594
2015,32750,Diamantina,DIAMANTINA,217,602
2015,32770,Doomadgee,DOOMADGEE,772,2908
2015,32810,Douglas,DOUGLAS,9291,23754
2015,33100,Etheridge,ETHERIDGE,640,1636
2015,33200,Flinders (Qld),FLINDERS,1275,3286
2015,33220,Fraser Coast,FRASER COAST,78456,204258
2015,33360,Gladstone,GLADSTONE,45183,127394
2015,33430,Gold Coast,GOLD COAST,423607,1123258
2015,33610,Goondiwindi,GOONDIWINDI,7811,21670
2015,33620,Gympie,GYMPIE,37146,99080
2015,33800,Hinchinbrook,HINCHINBROOK,8645,22362
2015,33830,Hope Vale,HOPE VALE,622,2018
2015,33960,Ipswich,IPSWICH,134310,388548
2015,33980,Isaac,ISAAC,15552,44346
2015,34420,Kowanyama,KOWANYAMA,644,1992
2015,34530,Livingstone,LIVINGSTONE,26979,73158
2015,34570,Lockhart River,LOCKHART RIVER,421,1394
2015,34580,Lockyer Valley,LOCKYER VALLEY,28146,77722
2015,34590,Logan,LOGAN,216663,618684
2015,34710,Longreach,LONGREACH,2783,7624
2015,34770,Mackay,MACKAY,85827,236584
2015,34800,McKinlay,MCKINLAY,716,1752
2015,34830,Mapoon,MAPOON,188,608
2015,34860,Maranoa,MARANOA,9694,26584
2015,34880,Mareeba,MAREEBA,16433,43624
2015,35010,Moreton Bay,MORETON BAY,308992,857988
2015,35250,Mornington,MORNINGTON,720,2404
2015,35300,Mount Isa,MOUNT ISA,14433,41172
2015,35600,Murweh,MURWEH,3309,9054
2015,35670,Napranum,NAPRANUM,575,1918
2015,35740,Noosa,NOOSA,41682,106994
2015,35760,North Burnett,NORTH BURNETT,8071,21214
2015,35780,Northern Peninsula Area,NORTHERN PENINSULA AREA,1527,5672
2015,35790,Palm Island,PALM ISLAND,1514,5100
2015,35800,Paroo,PAROO,1339,3468
2015,36070,Pormpuraaw,PORMPURAAW,494,1528
2015,36150,Quilpie,QUILPIE,657,1736
2015,36250,Redland,REDLAND,111130,300214
2015,36300,Richmond,RICHMOND,594,1640
2015,36370,Rockhampton,ROCKHAMPTON,58994,164052
2015,36510,Scenic Rim,SCENIC RIM,29834,80614
2015,36580,Somerset,SOMERSET,17982,49362
2015,36630,South Burnett,SOUTH BURNETT,24240,65178
2015,36660,Southern Downs,SOUTHERN DOWNS,26319,71132
2015,36720,Sunshine Coast,SUNSHINE COAST,222462,590634
2015,36820,Tablelands,TABLELANDS,18922,50222
2015,36910,Toowoomba,TOOWOOMBA,117945,325550
2015,36950,Torres,TORRES,2383,7506
2015,36960,Torres Strait Island,TORRES STRAIT ISLAND,2735,9462
2015,37010,Townsville,TOWNSVILLE,137221,380022
2015,37300,Weipa,WEIPA,2716,7928
2015,37310,Western Downs,WESTERN DOWNS,24090,67734
2015,37340,Whitsunday,WHITSUNDAY,26414,69018
2015,37400,Winton,WINTON,960,2444
2015,37550,Woorabinda,WOORABINDA,565,1978
2015,37570,Wujal Wujal,WUJAL WUJAL,207,574
2015,37600,Yarrabah,YARRABAH,1486,5390
2016,30250,Aurukun,AURUKUN,865,2646
2016,30300,Balonne,BALONNE,3200,8922
2016,30370,Banana,BANANA,10507,29140
2016,30410,Barcaldine,BARCALDINE,2183,5818
2016,30450,Barcoo,BARCOO,225,544
2016,30760,Blackall Tambo,BLACKALL TAMBO,1488,3850
2016,30900,Boulia,BOULIA,338,872
2016,31000,Brisbane,BRISBANE,901052,2369504
2016,31750,Bulloo,BULLOO,273,712
2016,31820,Bundaberg,BUNDABERG,71484,188512
2016,31900,Burdekin,BURDEKIN,13120,34652
2016,31950,Burke,BURKE,264,684
2016,32080,Cairns,CAIRNS,117929,323146
2016,32250,Carpentaria,CARPENTARIA,1513,4102
2016,32260,Cassowary Coast,CASSOWARY COAST,22184,58574
2016,32270,Central Highlands (Qld),CENTRAL HIGHLANDS,19910,57380
2016,32310,Charters Towers,CHARTERS TOWERS,8501,24174
2016,32330,Cherbourg,CHERBOURG,673,2586
2016,32450,Cloncurry,CLONCURRY,2321,6250
2016,32500,Cook,COOK,3296,8604
2016,32600,Croydon,CROYDON,229,592
2016,32750,Diamantina,DIAMANTINA,219,592
2016,32770,Doomadgee,DOOMADGEE,768,2950
2016,32810,Douglas,DOUGLAS,9497,24140
2016,33100,Etheridge,ETHERIDGE,629,1614
2016,33200,Flinders (Qld),FLINDERS,1229,3164
2016,33220,Fraser Coast,FRASER COAST,79507,205924
2016,33360,Gladstone,GLADSTONE,44668,126034
2016,33430,Gold Coast,GOLD COAST,434348,1150606
2016,33610,Goondiwindi,GOONDIWINDI,7847,21626
2016,33620,Gympie,GYMPIE,38001,100654
2016,33800,Hinchinbrook,HINCHINBROOK,8525,21936
2016,33830,Hope Vale,HOPE VALE,622,2028
2016,33960,Ipswich,IPSWICH,138170,400206
2016,33980,Isaac,ISAAC,14997,43086
2016,34420,Kowanyama,KOWANYAMA,634,1966
2016,34530,Livingstone,LIVINGSTONE,27425,73900
2016,34570,Lockhart River,LOCKHART RIVER,449,1492
2016,34580,Lockyer Valley,LOCKYER VALLEY,28834,78998
2016,34590,Logan,LOGAN,220402,629022
2016,34710,Longreach,LONGREACH,2740,7454
2016,34770,Mackay,MACKAY,85106,234436
2016,34800,McKinlay,MCKINLAY,642,1632
2016,34830,Mapoon,MAPOON,204,636
2016,34860,Maranoa,MARANOA,9377,25852
2016,34880,Mareeba,MAREEBA,16753,44076
2016,35010,Moreton Bay,MORETON BAY,317220,878584
2016,35250,Mornington,MORNINGTON,715,2394
2016,35300,Mount Isa,MOUNT ISA,13681,39212
2016,35600,Murweh,MURWEH,3221,8772
2016,35670,Napranum,NAPRANUM,596,1978
2016,35740,Noosa,NOOSA,42111,107844
2016,35760,North Burnett,NORTH BURNETT,8144,21292
2016,35780,Northern Peninsula Area,NORTHERN PENINSULA AREA,1585,5890
2016,35790,Palm Island,PALM ISLAND,1512,5162
2016,35800,Paroo,PAROO,1275,3336
2016,36070,Pormpuraaw,PORMPURAAW,506,1570
2016,36150,Quilpie,QUILPIE,632,1650
2016,36250,Redland,REDLAND,113036,304432
2016,36300,Richmond,RICHMOND,629,1612
2016,36370,Rockhampton,ROCKHAMPTON,58392,162644
2016,36510,Scenic Rim,SCENIC RIM,30541,81968
2016,36580,Somerset,SOMERSET,18375,50306
2016,36630,South Burnett,SOUTH BURNETT,24374,65250
2016,36660,Southern Downs,SOUTHERN DOWNS,26540,71276
2016,36720,Sunshine Coast,SUNSHINE COAST,228678,605682
2016,36820,Tablelands,TABLELANDS,19061,50434
2016,36910,Toowoomba,TOOWOOMBA,119302,328336
2016,36950,Torres,TORRES,2441,7598
2016,36960,Torres Strait Island,TORRES STRAIT ISLAND,2762,9550
2016,37010,Townsville,TOWNSVILLE,138420,382696
2016,37300,Weipa,WEIPA,2737,8080
2016,37310,Western Downs,WESTERN DOWNS,24235,68098
2016,37340,Whitsunday,WHITSUNDAY,26418,69076
2016,37400,Winton,WINTON,907,2308
2016,37550,Woorabinda,WOORABINDA,563,1998
2016,37570,Wujal Wujal,WUJAL WUJAL,206,584
2016,37600,Yarrabah,YARRABAH,1496,5404
2017,30250,Aurukun,AURUKUN,846,2602
2017,30300,Balonne,BALONNE,3189,8788
2017,30370,Banana,BANANA,10521,29146
2017,30410,Barcaldine,BARCALDINE,2166,5762
2017,30450,Barcoo,BARCOO,230,556
2017,30760,Blackall Tambo,BLACKALL TAMBO,1449,3790
2017,30900,Boulia,BOULIA,330,870
2017,31000,Brisbane,BRISBANE,917241,2413920
2017,31750,Bulloo,BULLOO,258,694
2017,31820,Bundaberg,BUNDABERG,72680,190708
2017,31900,Burdekin,BURDEKIN,13068,34448
2017,31950,Burke,BURKE,279,724
2017,32080,Cairns,CAIRNS,119857,327612
2017,32250,Carpentaria,CARPENTARIA,1505,4068
2017,32260,Cassowary Coast,CASSOWARY COAST,22395,58884
2017,32270,Central Highlands (Qld),CENTRAL HIGHLANDS,19845,57146
2017,32310,Charters Towers,CHARTERS TOWERS,8510,24042
2017,32330,Cherbourg,CHERBOURG,690,2566
2017,32450,Cloncurry,CLONCURRY,2424,6520
2017,32500,Cook,COOK,3370,8828
2017,32600,Croydon,CROYDON,214,576
2017,32750,Diamantina,DIAMANTINA,215,568
2017,32770,Doomadgee,DOOMADGEE,804,2990
2017,32810,Douglas,DOUGLAS,9645,24412
2017,33100,Etheridge,ETHERIDGE,625,1584
2017,33200,Flinders (Qld),FLINDERS,1190,3040
2017,33220,Fraser Coast,FRASER COAST,81100,209018
2017,33360,Gladstone,GLADSTONE,44622,125718
2017,33430,Gold Coast,GOLD COAST,445017,1178202
2017,33610,Goondiwindi,GOONDIWINDI,7763,21494
2017,33620,Gympie,GYMPIE,38775,102220
2017,33800,Hinchinbrook,HINCHINBROOK,8576,21900
2017,33830,Hope Vale,HOPE VALE,630,2010
2017,33960,Ipswich,IPSWICH,142129,411176
2017,33980,Isaac,ISAAC,15069,42960
2017,34420,Kowanyama,KOWANYAMA,642,1980
2017,34530,Livingstone,LIVINGSTONE,27831,74904
2017,34570,Lockhart River,LOCKHART RIVER,447,1454
2017,34580,Lockyer Valley,LOCKYER VALLEY,29295,80006
2017,34590,Logan,LOGAN,225455,642204
2017,34710,Longreach,LONGREACH,2712,7322
2017,34770,Mackay,MACKAY,85425,235026
2017,34800,McKinlay,MCKINLAY,623,1622
2017,34830,Mapoon,MAPOON,218,688
2017,34860,Maranoa,MARANOA,9368,25854
2017,34880,Mareeba,MAREEBA,16967,44454
2017,35010,Moreton Bay,MORETON BAY,325017,897118
2017,35250,Mornington,MORNINGTON,710,2342
2017,35300,Mount Isa,MOUNT ISA,13468,38726
2017,35600,Murweh,MURWEH,3191,8558
2017,35670,Napranum,NAPRANUM,591,1946
2017,35740,Noosa,NOOSA,42870,109376
2017,35760,North Burnett,NORTH BURNETT,8141,21112
2017,35780,Northern Peninsula Area,NORTHERN PENINSULA AREA,1596,5870
2017,35790,Palm Island,PALM ISLAND,1439,4930
2017,35800,Paroo,PAROO,1275,3358
2017,36070,Pormpuraaw,PORMPURAAW,506,1548
2017,36150,Quilpie,QUILPIE,615,1610
2017,36250,Redland,REDLAND,115452,309312
2017,36300,Richmond,RICHMOND,607,1582
2017,36370,Rockhampton,ROCKHAMPTON,58545,162644
2017,36510,Scenic Rim,SCENIC RIM,31220,83286
2017,36580,Somerset,SOMERSET,18603,50572
2017,36630,South Burnett,SOUTH BURNETT,24580,65360
2017,36660,Southern Downs,SOUTHERN DOWNS,26852,71798
2017,36720,Sunshine Coast,SUNSHINE COAST,235851,622852
2017,36820,Tablelands,TABLELANDS,19331,51042
2017,36910,Toowoomba,TOOWOOMBA,121381,333802
2017,36950,Torres,TORRES,2452,7568
2017,36960,Torres Strait Island,TORRES STRAIT ISLAND,2756,9376
2017,37010,Townsville,TOWNSVILLE,139758,384950
2017,37300,Weipa,WEIPA,2745,8114
2017,37310,Western Downs,WESTERN DOWNS,24487,68584
2017,37340,Whitsunday,WHITSUNDAY,26882,70166
2017,37400,Winton,WINTON,901,2298
2017,37550,Woorabinda,WOORABINDA,563,1994
2017,37570,Wujal Wujal,WUJAL WUJAL,202,584
2017,37600,Yarrabah,YARRABAH,1496,5326
2018,30250,Aurukun,AURUKUN,849,2592
2018,30300,Balonne,BALONNE,3195,8744
2018,30370,Banana,BANANA,10513,29050
2018,30410,Barcaldine,BARCALDINE,2155,5754
2018,30450,Barcoo,BARCOO,234,576
2018,30760,Blackall Tambo,BLACKALL TAMBO,1457,3802
2018,30900,Boulia,BOULIA,328,894
2018,31000,Brisbane,BRISBANE,932583,2453876
2018,31750,Bulloo,BULLOO,256,686
2018,31820,Bundaberg,BUNDABERG,73911,193198
2018,31900,Burdekin,BURDEKIN,13031,34172
2018,31950,Burke,BURKE,298,762
2018,32080,Cairns,CAIRNS,121604,331432
2018,32250,Carpentaria,CARPENTARIA,1512,4100
2018,32260,Cassowary Coast,CASSOWARY COAST,22519,59072
2018,32270,Central Highlands (Qld),CENTRAL HIGHLANDS,19885,57144
2018,32310,Charters Towers,CHARTERS TOWERS,8507,23908
2018,32330,Cherbourg,CHERBOURG,676,2514
2018,32450,Cloncurry,CLONCURRY,2499,6702
2018,32500,Cook,COOK,3429,8942
2018,32600,Croydon,CROYDON,209,560
2018,32750,Diamantina,DIAMANTINA,220,572
2018,32770,Doomadgee,DOOMADGEE,818,2972
2018,32810,Douglas,DOUGLAS,9670,24408
2018,33100,Etheridge,ETHERIDGE,604,1546
2018,33200,Flinders (Qld),FLINDERS,1174,2996
2018,33220,Fraser Coast,FRASER COAST,82988,212758
2018,33360,Gladstone,GLADSTONE,44840,126154
2018,33430,Gold Coast,GOLD COAST,455613,1204886
2018,33610,Goondiwindi,GOONDIWINDI,7698,21296
2018,33620,Gympie,GYMPIE,39356,103330
2018,33800,Hinchinbrook,HINCHINBROOK,8601,21888
2018,33830,Hope Vale,HOPE VALE,636,2022
2018,33960,Ipswich,IPSWICH,146812,423892
2018,33980,Isaac,ISAAC,15278,43046
2018,34420,Kowanyama,KOWANYAMA,664,2028
2018,34530,Livingstone,LIVINGSTONE,28286,75900
2018,34570,Lockhart River,LOCKHART RIVER,440,1416
2018,34580,Lockyer Valley,LOCKYER VALLEY,29740,81078
2018,34590,Logan,LOGAN,230502,655538
2018,34710,Longreach,LONGREACH,2703,7306
2018,34770,Mackay,MACKAY,86227,236704
2018,34800,McKinlay,MCKINLAY,628,1634
2018,34830,Mapoon,MAPOON,225,738
2018,34860,Maranoa,MARANOA,9355,25828
2018,34880,Mareeba,MAREEBA,17229,45002
2018,35010,Moreton Bay,MORETON BAY,332980,916026
2018,35250,Mornington,MORNINGTON,709,2302
2018,35300,Mount Isa,MOUNT ISA,13372,38482
2018,35600,Murweh,MURWEH,3216,8526
2018,35670,Napranum,NAPRANUM,583,1916
2018,35740,Noosa,NOOSA,43701,111022
2018,35760,North Burnett,NORTH BURNETT,8081,20812
2018,35780,Northern Peninsula Area,NORTHERN PENINSULA AREA,1612,5846
2018,35790,Palm Island,PALM ISLAND,1390,4738
2018,35800,Paroo,PAROO,1269,3332
2018,36070,Pormpuraaw,PORMPURAAW,494,1486
2018,36150,Quilpie,QUILPIE,582,1544
2018,36250,Redland,REDLAND,117498,313770
2018,36300,Richmond,RICHMOND,599,1570
2018,36370,Rockhampton,ROCKHAMPTON,58759,162812
2018,36510,Scenic Rim,SCENIC RIM,31893,84742
2018,36580,Somerset,SOMERSET,18726,50652
2018,36630,South Burnett,SOUTH BURNETT,24737,65396
2018,36660,Southern Downs,SOUTHERN DOWNS,27149,72236
2018,36720,Sunshine Coast,SUNSHINE COAST,243315,641212
2018,36820,Tablelands,TABLELANDS,19625,51698
2018,36910,Toowoomba,TOOWOOMBA,123393,338638
2018,36950,Torres,TORRES,2419,7442
2018,36960,Torres Strait Island,TORRES STRAIT ISLAND,2701,9102
2018,37010,Townsville,TOWNSVILLE,140702,386210
2018,37300,Weipa,WEIPA,2765,8164
2018,37310,Western Downs,WESTERN DOWNS,24566,68676
2018,37340,Whitsunday,WHITSUNDAY,27380,71302
2018,37400,Winton,WINTON,911,2310
2018,37550,Woorabinda,WOORABINDA,569,1998
2018,37570,Wujal Wujal,WUJAL WUJAL,191,580
2018,37600,Yarrabah,YARRABAH,1511,5286
2019,30250,Aurukun,AURUKUN,842,2576
2019,30300,Balonne,BALONNE,3214,8778
2019,30370,Banana,BANANA,10597,29162
2019,30410,Barcaldine,BARCALDINE,2167,5752
2019,30450,Barcoo,BARCOO,235,594
2019,30760,Blackall Tambo,BLACKALL TAMBO,1473,3832
2019,30900,Boulia,BOULIA,335,908
2019,31000,Brisbane,BRISBANE,948618,2494266
2019,31750,Bulloo,BULLOO,250,680
2019,31820,Bundaberg,BUNDABERG,75197,195602
2019,31900,Burdekin,BURDEKIN,13059,34006
2019,31950,Burke,BURKE,318,798
2019,32080,Cairns,CAIRNS,123143,334298
2019,32250,Carpentaria,CARPENTARIA,1526,4178
2019,32260,Cassowary Coast,CASSOWARY COAST,22623,59128
2019,32270,Central Highlands (Qld),CENTRAL HIGHLANDS,19929,57148
2019,32310,Charters Towers,CHARTERS TOWERS,8516,23780
2019,32330,Cherbourg,CHERBOURG,667,2488
2019,32450,Cloncurry,CLONCURRY,2564,6884
2019,32500,Cook,COOK,3485,9064
2019,32600,Croydon,CROYDON,199,544
2019,32750,Diamantina,DIAMANTINA,224,564
2019,32770,Doomadgee,DOOMADGEE,831,2958
2019,32810,Douglas,DOUGLAS,9782,24624
2019,33100,Etheridge,ETHERIDGE,583,1494
2019,33200,Flinders (Qld),FLINDERS,1177,3012
2019,33220,Fraser Coast,FRASER COAST,84860,216292
2019,33360,Gladstone,GLADSTONE,45232,126990
2019,33430,Gold Coast,GOLD COAST,465595,1228870
2019,33610,Goondiwindi,GOONDIWINDI,7698,21206
2019,33620,Gympie,GYMPIE,40185,104978
2019,33800,Hinchinbrook,HINCHINBROOK,8588,21782
2019,33830,Hope Vale,HOPE VALE,640,2026
2019,33960,Ipswich,IPSWICH,152559,439786
2019,33980,Isaac,ISAAC,15657,43546
2019,34420,Kowanyama,KOWANYAMA,685,2090
2019,34530,Livingstone,LIVINGSTONE,28858,77096
2019,34570,Lockhart River,LOCKHART RIVER,431,1386
2019,34580,Lockyer Valley,LOCKYER VALLEY,30184,82040
2019,34590,Logan,LOGAN,236540,671910
2019,34710,Longreach,LONGREACH,2713,7308
2019,34770,Mackay,MACKAY,87310,239058
2019,34800,McKinlay,MCKINLAY,631,1644
2019,34830,Mapoon,MAPOON,242,786
2019,34860,Maranoa,MARANOA,9314,25670
2019,34880,Mareeba,MAREEBA,17415,45362
2019,35010,Moreton Bay,MORETON BAY,341134,934628
2019,35250,Mornington,MORNINGTON,718,2254
2019,35300,Mount Isa,MOUNT ISA,13314,38318
2019,35600,Murweh,MURWEH,3201,8422
2019,35670,Napranum,NAPRANUM,575,1886
2019,35740,Noosa,NOOSA,44269,112090
2019,35760,North Burnett,NORTH BURNETT,8008,20536
2019,35780,Northern Peninsula Area,NORTHERN PENINSULA AREA,1615,5808
2019,35790,Palm Island,PALM ISLAND,1341,4548
2019,35800,Paroo,PAROO,1265,3342
2019,36070,Pormpuraaw,PORMPURAAW,472,1416
2019,36150,Quilpie,QUILPIE,564,1484
2019,36250,Redland,REDLAND,119436,317874
2019,36300,Richmond,RICHMOND,589,1554
2019,36370,Rockhampton,ROCKHAMPTON,59185,163684
2019,36510,Scenic Rim,SCENIC RIM,32360,85712
2019,36580,Somerset,SOMERSET,18862,50710
2019,36630,South Burnett,SOUTH BURNETT,24960,65568
2019,36660,Southern Downs,SOUTHERN DOWNS,27411,72478
2019,36720,Sunshine Coast,SUNSHINE COAST,250994,659892
2019,36820,Tablelands,TABLELANDS,19854,52142
2019,36910,Toowoomba,TOOWOOMBA,125340,343132
2019,36950,Torres,TORRES,2370,7304
2019,36960,Torres Strait Island,TORRES STRAIT ISLAND,2663,8868
2019,37010,Townsville,TOWNSVILLE,141596,387374
2019,37300,Weipa,WEIPA,2793,8224
2019,37310,Western Downs,WESTERN DOWNS,24697,68840
2019,37340,Whitsunday,WHITSUNDAY,27925,72532
2019,37400,Winton,WINTON,902,2300
2019,37550,Woorabinda,WOORABINDA,570,2010
2019,37570,Wujal Wujal,WUJAL WUJAL,186,578
2019,37600,Yarrabah,YARRABAH,1524,5242
2020,30250,Aurukun,AURUKUN,787,2392
2020,30300,Balonne,BALONNE,3235,8784
2020,30370,Banana,BANANA,10639,29174
2020,30410,Barcaldine,BARCALDINE,2162,5724
2020,30450,Barcoo,BARCOO,238,604
2020,30760,Blackall Tambo,BLACKALL TAMBO,1496,3838
2020,30900,Boulia,BOULIA,340,916
2020,31000,Brisbane,BRISBANE,962990,2527000
2020,31750,Bulloo,BULLOO,253,680
2020,31820,Bundaberg,BUNDABERG,76459,197766
2020,31900,Burdekin,BURDEKIN,13099,33868
2020,31950,Burke,BURKE,329,830
2020,32080,Cairns,CAIRNS,125005,337420
2020,32250,Carpentaria,CARPENTARIA,1538,4236
2020,32260,Cassowary Coast,CASSOWARY COAST,22754,59216
2020,32270,Central Highlands (Qld),CENTRAL HIGHLANDS,19984,57048
2020,32310,Charters Towers,CHARTERS TOWERS,8584,23846
2020,32330,Cherbourg,CHERBOURG,657,2440
2020,32450,Cloncurry,CLONCURRY,2620,7056
2020,32500,Cook,COOK,3529,9158
2020,32600,Croydon,CROYDON,195,538
2020,32750,Diamantina,DIAMANTINA,220,546
2020,32770,Doomadgee,DOOMADGEE,848,2918
2020,32810,Douglas,DOUGLAS,9878,24742
2020,33100,Etheridge,ETHERIDGE,578,1462
2020,33200,Flinders (Qld),FLINDERS,1177,3018
2020,33220,Fraser Coast,FRASER COAST,86812,219876
2020,33360,Gladstone,GLADSTONE,45710,127780
2020,33430,Gold Coast,GOLD COAST,476330,1252684
2020,33610,Goondiwindi,GOONDIWINDI,7665,21032
2020,33620,Gympie,GYMPIE,40807,106042
2020,33800,Hinchinbrook,HINCHINBROOK,8654,21822
2020,33830,Hope Vale,HOPE VALE,637,2014
2020,33960,Ipswich,IPSWICH,157808,453556
2020,33980,Isaac,ISAAC,16140,44282
2020,34420,Kowanyama,KOWANYAMA,705,2152
2020,34530,Livingstone,LIVINGSTONE,29494,78412
2020,34570,Lockhart River,LOCKHART RIVER,424,1346
2020,34580,Lockyer Valley,LOCKYER VALLEY,30591,82732
2020,34590,Logan,LOGAN,242528,687642
2020,34710,Longreach,LONGREACH,2732,7302
2020,34770,Mackay,MACKAY,89016,242790
2020,34800,McKinlay,MCKINLAY,641,1656
2020,34830,Mapoon,MAPOON,247,836
2020,34860,Maranoa,MARANOA,9381,25782
2020,34880,Mareeba,MAREEBA,17748,46020
2020,35010,Moreton Bay,MORETON BAY,349461,953244
2020,35250,Mornington,MORNINGTON,705,2186
2020,35300,Mount Isa,MOUNT ISA,13490,38630
2020,35600,Murweh,MURWEH,3147,8212
2020,35670,Napranum,NAPRANUM,565,1846
2020,35740,Noosa,NOOSA,44936,113324
2020,35760,North Burnett,NORTH BURNETT,8026,20412
2020,35780,Northern Peninsula Area,NORTHERN PENINSULA AREA,1622,5782
2020,35790,Palm Island,PALM ISLAND,1312,4410
2020,35800,Paroo,PAROO,1263,3366
2020,36070,Pormpuraaw,PORMPURAAW,459,1344
2020,36150,Quilpie,QUILPIE,549,1442
2020,36250,Redland,REDLAND,120983,320836
2020,36300,Richmond,RICHMOND,577,1538
2020,36370,Rockhampton,ROCKHAMPTON,59762,164704
2020,36510,Scenic Rim,SCENIC RIM,32814,86510
2020,36580,Somerset,SOMERSET,18945,50644
2020,36630,South Burnett,SOUTH BURNETT,25248,65904
2020,36660,Southern Downs,SOUTHERN DOWNS,27722,72786
2020,36720,Sunshine Coast,SUNSHINE COAST,258191,676778
2020,36820,Tablelands,TABLELANDS,20128,52618
2020,36910,Toowoomba,TOOWOOMBA,127247,347124
2020,36950,Torres,TORRES,2324,7178
2020,36960,Torres Strait Island,TORRES STRAIT ISLAND,2646,8710
2020,37010,Townsville,TOWNSVILLE,143007,389358
2020,37300,Weipa,WEIPA,2805,8286
2020,37310,Western Downs,WESTERN DOWNS,24753,68780
2020,37340,Whitsunday,WHITSUNDAY,28671,74210
2020,37400,Winton,WINTON,880,2260
2020,37550,Woorabinda,WOORABINDA,564,2040
2020,37570,Wujal Wujal,WUJAL WUJAL,181,574
2020,37600,Yarrabah,YARRABAH,1528,5212
2021,30250,Aurukun,AURUKUN,748,2260
2021,30300,Balonne,BALONNE,3226,8756
2021,30370,Banana,BANANA,10693,29314
2021,30410,Barcaldine,BARCALDINE,2174,5726
2021,30450,Barcoo,BARCOO,242,624
2021,30760,Blackall Tambo,BLACKALL TAMBO,1514,3836
2021,30900,Boulia,BOULIA,341,940
2021,31000,Brisbane,BRISBANE,964859,2525936
2021,31750,Bulloo,BULLOO,260,684
2021,31820,Bundaberg,BUNDABERG,77838,200190
2021,31900,Burdekin,BURDEKIN,13056,33672
2021,31950,Burke,BURKE,337,860
2021,32080,Cairns,CAIRNS,126039,338500
2021,32250,Carpentaria,CARPENTARIA,1574,4316
2021,32260,Cassowary Coast,CASSOWARY COAST,22740,59022
2021,32270,Central Highlands (Qld),CENTRAL HIGHLANDS,19913,56596
2021,32310,Charters Towers,CHARTERS TOWERS,8651,23840
2021,32330,Cherbourg,CHERBOURG,665,2422
2021,32450,Cloncurry,CLONCURRY,2770,7408
2021,32500,Cook,COOK,3596,9262
2021,32600,Croydon,CROYDON,202,538
2021,32750,Diamantina,DIAMANTINA,215,540
2021,32770,Doomadgee,DOOMADGEE,844,2868
2021,32810,Douglas,DOUGLAS,10000,24882
2021,33100,Etheridge,ETHERIDGE,583,1448
2021,33200,Flinders (Qld),FLINDERS,1170,3042
2021,33220,Fraser Coast,FRASER COAST,89025,224140
2021,33360,Gladstone,GLADSTONE,46224,128550
2021,33430,Gold Coast,GOLD COAST,483742,1267196
2021,33610,Goondiwindi,GOONDIWINDI,7628,20800
2021,33620,Gympie,GYMPIE,41664,107702
2021,33800,Hinchinbrook,HINCHINBROOK,8769,21980
2021,33830,Hope Vale,HOPE VALE,617,1996
2021,33960,Ipswich,IPSWICH,162785,466628
2021,33980,Isaac,ISAAC,16548,44838
2021,34420,Kowanyama,KOWANYAMA,719,2214
2021,34530,Livingstone,LIVINGSTONE,30064,79754
2021,34570,Lockhart River,LOCKHART RIVER,403,1306
2021,34580,Lockyer Valley,LOCKYER VALLEY,30971,83500
2021,34590,Logan,LOGAN,247499,701346
2021,34710,Longreach,LONGREACH,2793,7382
2021,34770,Mackay,MACKAY,90612,246296
2021,34800,McKinlay,MCKINLAY,643,1676
2021,34830,Mapoon,MAPOON,281,884
2021,34860,Maranoa,MARANOA,9459,25914
2021,34880,Mareeba,MAREEBA,17936,46342
2021,35010,Moreton Bay,MORETON BAY,356644,968706
2021,35250,Mornington,MORNINGTON,697,2120
2021,35300,Mount Isa,MOUNT ISA,13422,38434
2021,35600,Murweh,MURWEH,3114,8018
2021,35670,Napranum,NAPRANUM,549,1812
2021,35740,Noosa,NOOSA,45241,113748
2021,35760,North Burnett,NORTH BURNETT,8010,20284
2021,35780,Northern Peninsula Area,NORTHERN PENINSULA AREA,1624,5770
2021,35790,Palm Island,PALM ISLAND,1317,4360
2021,35800,Paroo,PAROO,1263,3414
2021,36070,Pormpuraaw,PORMPURAAW,437,1264
2021,36150,Quilpie,QUILPIE,546,1404
2021,36250,Redland,REDLAND,122309,323418
2021,36300,Richmond,RICHMOND,578,1538
2021,36370,Rockhampton,ROCKHAMPTON,60373,165764
2021,36510,Scenic Rim,SCENIC RIM,33183,87184
2021,36580,Somerset,SOMERSET,19118,50776
2021,36630,South Burnett,SOUTH BURNETT,25680,66646
2021,36660,Southern Downs,SOUTHERN DOWNS,28160,73274
2021,36720,Sunshine Coast,SUNSHINE COAST,265158,693268
2021,36820,Tablelands,TABLELANDS,20375,52976
2021,36910,Toowoomba,TOOWOOMBA,128873,350510
2021,36950,Torres,TORRES,2290,7064
2021,36960,Torres Strait Island,TORRES STRAIT ISLAND,2625,8588
2021,37010,Townsville,TOWNSVILLE,144233,390914
2021,37300,Weipa,WEIPA,2835,8354
2021,37310,Western Downs,WESTERN DOWNS,24799,68702
2021,37340,Whitsunday,WHITSUNDAY,29177,75284
2021,37400,Winton,WINTON,894,2266
2021,37550,Woorabinda,WOORABINDA,573,2080
2021,37570,Wujal Wujal,WUJAL WUJAL,184,568
2021,37600,Yarrabah,YARRABAH,1534,5194
2022,30250,Aurukun,AURUKUN,753,2242
2022,30300,Balonne,BALONNE,3219,8686
2022,30370,Banana,BANANA,10727,29540
2022,30410,Barcaldine,BARCALDINE,2184,5720
2022,30450,Barcoo,BARCOO,245,626
2022,30760,Blackall Tambo,BLACKALL TAMBO,1506,3864
2022,30900,Boulia,BOULIA,345,950
2022,31000,Brisbane,BRISBANE,983497,2563920
2022,31750,Bulloo,BULLOO,257,686
2022,31820,Bundaberg,BUNDABERG,79216,203724
2022,31900,Burdekin,BURDEKIN,13056,33710
2022,31950,Burke,BURKE,355,864
2022,32080,Cairns,CAIRNS,128149,343292
2022,32250,Carpentaria,CARPENTARIA,1581,4330
2022,32260,Cassowary Coast,CASSOWARY COAST,22753,59144
2022,32270,Central Highlands (Qld),CENTRAL HIGHLANDS,20111,56986
2022,32310,Charters Towers,CHARTERS TOWERS,8704,23944
2022,32330,Cherbourg,CHERBOURG,692,2448
2022,32450,Cloncurry,CLONCURRY,2883,7568
2022,32500,Cook,COOK,3622,9350
2022,32600,Croydon,CROYDON,201,536
2022,32750,Diamantina,DIAMANTINA,224,534
2022,32770,Doomadgee,DOOMADGEE,865,2880
2022,32810,Douglas,DOUGLAS,10146,25266
2022,33100,Etheridge,ETHERIDGE,585,1436
2022,33200,Flinders (Qld),FLINDERS,1172,3052
2022,33220,Fraser Coast,FRASER COAST,91054,229386
2022,33360,Gladstone,GLADSTONE,46919,130456
2022,33430,Gold Coast,GOLD COAST,493621,1290362
2022,33610,Goondiwindi,GOONDIWINDI,7605,20786
2022,33620,Gympie,GYMPIE,42513,110004
2022,33800,Hinchinbrook,HINCHINBROOK,8770,22134
2022,33830,Hope Vale,HOPE VALE,623,2010
2022,33960,Ipswich,IPSWICH,169294,484140
2022,33980,Isaac,ISAAC,16826,45436
2022,34420,Kowanyama,KOWANYAMA,720,2266
2022,34530,Livingstone,LIVINGSTONE,30804,81670
2022,34570,Lockhart River,LOCKHART RIVER,404,1310
2022,34580,Lockyer Valley,LOCKYER VALLEY,31628,85158
2022,34590,Logan,LOGAN,255308,724776
2022,34710,Longreach,LONGREACH,2805,7438
2022,34770,Mackay,MACKAY,91876,249572
2022,34800,McKinlay,MCKINLAY,653,1686
2022,34830,Mapoon,MAPOON,297,912
2022,34860,Maranoa,MARANOA,9528,26156
2022,34880,Mareeba,MAREEBA,18024,46664
2022,35010,Moreton Bay,MORETON BAY,365994,991698
2022,35250,Mornington,MORNINGTON,703,2132
2022,35300,Mount Isa,MOUNT ISA,13277,38064
2022,35600,Murweh,MURWEH,3069,7914
2022,35670,Napranum,NAPRANUM,573,1810
2022,35740,Noosa,NOOSA,45329,114242
2022,35760,North Burnett,NORTH BURNETT,8040,20390
2022,35780,Northern Peninsula Area,NORTHERN PENINSULA AREA,1638,5780
2022,35790,Palm Island,PALM ISLAND,1346,4384
2022,35800,Paroo,PAROO,1259,3420
2022,36070,Pormpuraaw,PORMPURAAW,450,1270
2022,36150,Quilpie,QUILPIE,532,1406
2022,36250,Redland,REDLAND,123662,326980
2022,36300,Richmond,RICHMOND,583,1550
2022,36370,Rockhampton,ROCKHAMPTON,60789,167016
2022,36510,Scenic Rim,SCENIC RIM,33770,88526
2022,36580,Somerset,SOMERSET,19388,51338
2022,36630,South Burnett,SOUTH BURNETT,25979,67486
2022,36660,Southern Downs,SOUTHERN DOWNS,28377,73894
2022,36720,Sunshine Coast,SUNSHINE COAST,270863,709590
2022,36820,Tablelands,TABLELANDS,20518,53562
2022,36910,Toowoomba,TOOWOOMBA,131238,356336
2022,36950,Torres,TORRES,2285,7020
2022,36960,Torres Strait Island,TORRES STRAIT ISLAND,2675,8562
2022,37010,Townsville,TOWNSVILLE,146309,395388
2022,37300,Weipa,WEIPA,2844,8414
2022,37310,Western Downs,WESTERN DOWNS,24910,69000
2022,37340,Whitsunday,WHITSUNDAY,29769,76840
2022,37400,Winton,WINTON,896,2262
2022,37550,Woorabinda,WOORABINDA,582,2112
2022,37570,Wujal Wujal,WUJAL WUJAL,190,570
2022,37600,Yarrabah,YARRABAH,1578,5234
2023,30250,Aurukun,AURUKUN,766,2298
2023,30300,Balonne,BALONNE,3200,8670
2023,30370,Banana,BANANA,10839,29818
2023,30410,Barcaldine,BARCALDINE,2190,5778
2023,30450,Barcoo,BARCOO,254,634
2023,30760,Blackall Tambo,BLACKALL TAMBO,1512,3898
2023,30900,Boulia,BOULIA,355,964
2023,31000,Brisbane,BRISBANE,1020749,2644404
2023,31750,Bulloo,BULLOO,261,690
2023,31820,Bundaberg,BUNDABERG,81016,207906
2023,31900,Burdekin,BURDEKIN,13136,33952
2023,31950,Burke,BURKE,371,876
2023,32080,Cairns,CAIRNS,131066,350020
2023,32250,Carpentaria,CARPENTARIA,1588,4406
2023,32260,Cassowary Coast,CASSOWARY COAST,22956,59884
2023,32270,Central Highlands (Qld),CENTRAL HIGHLANDS,20487,57872
2023,32310,Charters Towers,CHARTERS TOWERS,8734,24000
2023,32330,Cherbourg,CHERBOURG,703,2518
2023,32450,Cloncurry,CLONCURRY,2926,7708
2023,32500,Cook,COOK,3654,9524
2023,32600,Croydon,CROYDON,205,540
2023,32750,Diamantina,DIAMANTINA,226,534
2023,32770,Doomadgee,DOOMADGEE,865,2914
2023,32810,Douglas,DOUGLAS,10299,25598
2023,33100,Etheridge,ETHERIDGE,582,1444
2023,33200,Flinders (Qld),FLINDERS,1169,3062
2023,33220,Fraser Coast,FRASER COAST,93424,235152
2023,33360,Gladstone,GLADSTONE,47995,133486
2023,33430,Gold Coast,GOLD COAST,510362,1328258
2023,33610,Goondiwindi,GOONDIWINDI,7595,20834
2023,33620,Gympie,GYMPIE,43307,112102
2023,33800,Hinchinbrook,HINCHINBROOK,8817,22186
2023,33830,Hope Vale,HOPE VALE,646,2052
2023,33960,Ipswich,IPSWICH,175732,500930
2023,33980,Isaac,ISAAC,17068,45978
2023,34420,Kowanyama,KOWANYAMA,729,2284
2023,34530,Livingstone,LIVINGSTONE,31554,83660
2023,34570,Lockhart River,LOCKHART RIVER,410,1340
2023,34580,Lockyer Valley,LOCKYER VALLEY,32684,87592
2023,34590,Logan,LOGAN,266224,754040
2023,34710,Longreach,LONGREACH,2823,7466
2023,34770,Mackay,MACKAY,93434,253428
2023,34800,McKinlay,MCKINLAY,659,1692
2023,34830,Mapoon,MAPOON,311,930
2023,34860,Maranoa,MARANOA,9641,26460
2023,34880,Mareeba,MAREEBA,18295,47308
2023,35010,Moreton Bay,MORETON BAY,377500,1018246
2023,35250,Mornington,MORNINGTON,718,2158
2023,35300,Mount Isa,MOUNT ISA,13138,37802
2023,35600,Murweh,MURWEH,3063,7920
2023,35670,Napranum,NAPRANUM,587,1846
2023,35740,Noosa,NOOSA,46205,116294
2023,35760,North Burnett,NORTH BURNETT,8212,20654
2023,35780,Northern Peninsula Area,NORTHERN PENINSULA AREA,1664,5812
2023,35790,Palm Island,PALM ISLAND,1377,4414
2023,35800,Paroo,PAROO,1285,3438
2023,36070,Pormpuraaw,PORMPURAAW,467,1284
2023,36150,Quilpie,QUILPIE,523,1426
2023,36250,Redland,REDLAND,126121,333114
2023,36300,Richmond,RICHMOND,589,1558
2023,36370,Rockhampton,ROCKHAMPTON,61434,168778
2023,36510,Scenic Rim,SCENIC RIM,34501,90332
2023,36580,Somerset,SOMERSET,19767,52394
2023,36630,South Burnett,SOUTH BURNETT,26518,68496
2023,36660,Southern Downs,SOUTHERN DOWNS,28755,74756
2023,36720,Sunshine Coast,SUNSHINE COAST,279135,729782
2023,36820,Tablelands,TABLELANDS,20857,54462
2023,36910,Toowoomba,TOOWOOMBA,134007,363190
2023,36950,Torres,TORRES,2276,6980
2023,36960,Torres Strait Island,TORRES STRAIT ISLAND,2707,8552
2023,37010,Townsville,TOWNSVILLE,149441,401860
2023,37300,Weipa,WEIPA,2877,8482
2023,37310,Western Downs,WESTERN DOWNS,25168,69850
2023,37340,Whitsunday,WHITSUNDAY,30814,79242
2023,37400,Winton,WINTON,891,2260
2023,37550,Woorabinda,WOORABINDA,590,2142
2023,37570,Wujal Wujal,WUJAL WUJAL,192,584
2023,37600,Yarrabah,YARRABAH,1602,5272
2024,30250,Aurukun,AURUKUN,767,2316
2024,30300,Balonne,BALONNE,3217,8690
2024,30370,Banana,BANANA,11010,30080
2024,30410,Barcaldine,BARCALDINE,2233,5820
2024,30450,Barcoo,BARCOO,257,630
2024,30760,Blackall Tambo,BLACKALL TAMBO,1522,3924
2024,30900,Boulia,BOULIA,347,962
2024,31000,Brisbane,BRISBANE,1050126,2707674
2024,31750,Bulloo,BULLOO,259,690
2024,31820,Bundaberg,BUNDABERG,82497,211790
2024,31900,Burdekin,BURDEKIN,13272,34268
2024,31950,Burke,BURKE,377,888
2024,32080,Cairns,CAIRNS,133533,355146
2024,32250,Carpentaria,CARPENTARIA,1578,4440
2024,32260,Cassowary Coast,CASSOWARY COAST,23373,60730
2024,32270,Central Highlands (Qld),CENTRAL HIGHLANDS,20783,58602
2024,32310,Charters Towers,CHARTERS TOWERS,8798,24060
2024,32330,Cherbourg,CHERBOURG,712,2548
2024,32450,Cloncurry,CLONCURRY,2935,7764
2024,32500,Cook,COOK,3770,9650
2024,32600,Croydon,CROYDON,208,540
2024,32750,Diamantina,DIAMANTINA,220,528
2024,32770,Doomadgee,DOOMADGEE,876,2942
2024,32810,Douglas,DOUGLAS,10492,26076
2024,33100,Etheridge,ETHERIDGE,586,1442
2024,33200,Flinders (Qld),FLINDERS,1199,3078
2024,33220,Fraser Coast,FRASER COAST,95779,240702
2024,33360,Gladstone,GLADSTONE,49015,135898
2024,33430,Gold Coast,GOLD COAST,524160,1358572
2024,33610,Goondiwindi,GOONDIWINDI,7629,20914
2024,33620,Gympie,GYMPIE,44246,114634
2024,33800,Hinchinbrook,HINCHINBROOK,8807,22260
2024,33830,Hope Vale,HOPE VALE,641,2114
2024,33960,Ipswich,IPSWICH,182276,518268
2024,33980,Isaac,ISAAC,17175,46318
2024,34420,Kowanyama,KOWANYAMA,757,2294
2024,34530,Livingstone,LIVINGSTONE,32338,85548
2024,34570,Lockhart River,LOCKHART RIVER,415,1372
2024,34580,Lockyer Valley,LOCKYER VALLEY,33640,89966
2024,34590,Logan,LOGAN,277138,783132
2024,34710,Longreach,LONGREACH,2855,7490
2024,34770,Mackay,MACKAY,94460,256278
2024,34800,McKinlay,MCKINLAY,655,1698
2024,34830,Mapoon,MAPOON,311,972
2024,34860,Maranoa,MARANOA,9724,26672
2024,34880,Mareeba,MAREEBA,18625,47880
2024,35010,Moreton Bay,MORETON BAY,388032,1042988
2024,35250,Mornington,MORNINGTON,728,2174
2024,35300,Mount Isa,MOUNT ISA,13094,37450
2024,35600,Murweh,MURWEH,3075,7976
2024,35670,Napranum,NAPRANUM,604,1882
2024,35740,Noosa,NOOSA,46937,118030
2024,35760,North Burnett,NORTH BURNETT,8306,20898
2024,35780,Northern Peninsula Area,NORTHERN PENINSULA AREA,1668,5850
2024,35790,Palm Island,PALM ISLAND,1381,4564
2024,35800,Paroo,PAROO,1271,3444
2024,36070,Pormpuraaw,PORMPURAAW,468,1290
2024,36150,Quilpie,QUILPIE,537,1428
2024,36250,Redland,REDLAND,129139,339880
2024,36300,Richmond,RICHMOND,588,1570
2024,36370,Rockhampton,ROCKHAMPTON,62161,170340
2024,36510,Scenic Rim,SCENIC RIM,35161,91888
2024,36580,Somerset,SOMERSET,20157,53032
2024,36630,South Burnett,SOUTH BURNETT,26889,69366
2024,36660,Southern Downs,SOUTHERN DOWNS,29117,75472
2024,36720,Sunshine Coast,SUNSHINE COAST,286466,748596
2024,36820,Tablelands,TABLELANDS,21236,55150
2024,36910,Toowoomba,TOOWOOMBA,136266,368150
2024,36950,Torres,TORRES,2260,6970
2024,36960,Torres Strait Island,TORRES STRAIT ISLAND,2782,8556
2024,37010,Townsville,TOWNSVILLE,151965,407944
2024,37300,Weipa,WEIPA,2889,8536
2024,37310,Western Downs,WESTERN DOWNS,25563,70474
2024,37340,Whitsunday,WHITSUNDAY,31597,81278
2024,37400,Winton,WINTON,894,2276
2024,37550,Woorabinda,WOORABINDA,601,2166
2024,37570,Wujal Wujal,WUJAL WUJAL,183,594
2024,37600,Yarrabah,YARRABAH,1617,5308
2025,30250,Aurukun,AURUKUN,757,2330
2025,30300,Balonne,BALONNE,3220,8700
2025,30370,Banana,BANANA,11076,30288
2025,30410,Barcaldine,BARCALDINE,2225,5874
2025,30450,Barcoo,BARCOO,253,642
2025,30760,Blackall Tambo,BLACKALL TAMBO,1524,3950
2025,30900,Boulia,BOULIA,350,978
2025,31000,Brisbane,BRISBANE,1072567,2750602
2025,31750,Bulloo,BULLOO,256,694
2025,31820,Bundaberg,BUNDABERG,83717,214594
2025,31900,Burdekin,BURDEKIN,13367,34440
2025,31950,Burke,BURKE,380,898
2025,32080,Cairns,CAIRNS,135130,358668
2025,32250,Carpentaria,CARPENTARIA,1602,4494
2025,32260,Cassowary Coast,CASSOWARY COAST,23662,61332
2025,32270,Central Highlands (Qld),CENTRAL HIGHLANDS,20869,58962
2025,32310,Charters Towers,CHARTERS TOWERS,8846,24176
2025,32330,Cherbourg,CHERBOURG,709,2578
2025,32450,Cloncurry,CLONCURRY,2977,7814
2025,32500,Cook,COOK,3824,9752
2025,32600,Croydon,CROYDON,215,546
2025,32750,Diamantina,DIAMANTINA,226,530
2025,32770,Doomadgee,DOOMADGEE,872,2968
2025,32810,Douglas,DOUGLAS,10615,26338
2025,33100,Etheridge,ETHERIDGE,572,1454
2025,33200,Flinders (Qld),FLINDERS,1197,3090
2025,33220,Fraser Coast,FRASER COAST,98201,245848
2025,33360,Gladstone,GLADSTONE,49911,138092
2025,33430,Gold Coast,GOLD COAST,535557,1382460
2025,33610,Goondiwindi,GOONDIWINDI,7605,20876
2025,33620,Gympie,GYMPIE,45203,116974
2025,33800,Hinchinbrook,HINCHINBROOK,8898,22388
2025,33830,Hope Vale,HOPE VALE,646,2146
2025,33960,Ipswich,IPSWICH,189172,536544
2025,33980,Isaac,ISAAC,17251,46372
2025,34420,Kowanyama,KOWANYAMA,776,2310
2025,34530,Livingstone,LIVINGSTONE,33080,87336
2025,34570,Lockhart River,LOCKHART RIVER,434,1404
2025,34580,Lockyer Valley,LOCKYER VALLEY,34580,92116
2025,34590,Logan,LOGAN,286333,807030
2025,34710,Longreach,LONGREACH,2848,7482
2025,34770,Mackay,MACKAY,95462,258506
2025,34800,McKinlay,MCKINLAY,663,1700
2025,34830,Mapoon,MAPOON,319,988
2025,34860,Maranoa,MARANOA,9736,26740
2025,34880,Mareeba,MAREEBA,18827,48410
2025,35010,Moreton Bay,MORETON BAY,397584,1064890
2025,35250,Mornington,MORNINGTON,717,2198
2025,35300,Mount Isa,MOUNT ISA,13021,37170
2025,35600,Murweh,MURWEH,3078,8008
2025,35670,Napranum,NAPRANUM,610,1904
2025,35740,Noosa,NOOSA,47440,119102
2025,35760,North Burnett,NORTH BURNETT,8460,21124
2025,35780,Northern Peninsula Area,NORTHERN PENINSULA AREA,1674,5888
2025,35790,Palm Island,PALM ISLAND,1392,4670
2025,35800,Paroo,PAROO,1259,3448
2025,36070,Pormpuraaw,PORMPURAAW,479,1300
2025,36150,Quilpie,QUILPIE,528,1440
2025,36250,Redland,REDLAND,131797,345662
2025,36300,Richmond,RICHMOND,589,1576
2025,36370,Rockhampton,ROCKHAMPTON,62627,171588
2025,36510,Scenic Rim,SCENIC RIM,36022,93894
2025,36580,Somerset,SOMERSET,20575,53872
2025,36630,South Burnett,SOUTH BURNETT,27317,70222
2025,36660,Southern Downs,SOUTHERN DOWNS,29375,76128
2025,36720,Sunshine Coast,SUNSHINE COAST,292956,763914
2025,36820,Tablelands,TABLELANDS,21445,55804
2025,36910,Toowoomba,TOOWOOMBA,138009,372552
2025,36950,Torres,TORRES,2271,6980
2025,36960,Torres Strait Island,TORRES STRAIT ISLAND,2770,8596
2025,37010,Townsville,TOWNSVILLE,154293,412520
2025,37300,Weipa,WEIPA,2896,8594
2025,37310,Western Downs,WESTERN DOWNS,25695,70904
2025,37340,Whitsunday,WHITSUNDAY,32248,82748
2025,37400,Winton,WINTON,874,2304
2025,37550,Woorabinda,WOORABINDA,615,2174
2025,37570,Wujal Wujal,WUJAL WUJAL,188,602
2025,37600,Yarrabah,YARRABAH,1614,5338
