abs_lga_code,seifa_lga_name,irsd_score,irsd_decile,lga_key
30250,Aurukun,501.0,1,AURUKUN
30300,Balonne,943.0,3,BALONNE
30370,Banana,992.0,7,BANANA
30410,Barcaldine,1002.0,7,BARCALDINE
30450,Barcoo,988.0,6,BARCOO
30760,Blackall Tambo,961.0,4,BLACKALL TAMBO
30900,Boulia,878.0,1,BOULIA
31000,Brisbane,1045.0,9,BRISBANE
31750,Bulloo,990.0,6,BULLOO
31820,Bundaberg,924.0,2,BUNDABERG
31900,Burdekin,966.0,5,BURDEKIN
31950,Burke,941.0,3,BURKE
32080,Cairns,981.0,6,CAIRNS
32250,Carpentaria,851.0,1,CARPENTARIA
32260,Cassowary Coast,929.0,3,CASSOWARY COAST
32270,Central Highlands (Qld),996.0,7,CENTRAL HIGHLANDS
32310,Charters Towers,933.0,3,CHARTERS TOWERS
32330,Cherbourg,498.0,1,CHERBOURG
32450,Cloncurry,965.0,5,CLONCURRY
32500,Cook,913.0,2,COOK
32600,Croydon,876.0,1,CROYDON
32750,Diamantina,952.0,4,DIAMANTINA
32770,Doomadgee,534.0,1,DOOMADGEE
32810,Douglas,979.0,6,DOUGLAS
33100,Etheridge,982.0,6,ETHERIDGE
33200,Flinders (Qld),970.0,5,FLINDERS
33220,Fraser Coast,915.0,2,FRASER COAST
33360,Gladstone,954.0,4,GLADSTONE
33430,Gold Coast,1019.0,8,GOLD COAST
33610,Goondiwindi,965.0,4,GOONDIWINDI
33620,Gympie,930.0,3,GYMPIE
33800,Hinchinbrook,954.0,4,HINCHINBROOK
33830,Hope Vale,631.0,1,HOPE VALE
33960,Ipswich,958.0,4,IPSWICH
33980,Isaac,1012.0,8,ISAAC
34420,Kowanyama,528.0,1,KOWANYAMA
34530,Livingstone,1005.0,7,LIVINGSTONE
34570,Lockhart River,622.0,1,LOCKHART RIVER
34580,Lockyer Valley,948.0,3,LOCKYER VALLEY
34590,Logan,944.0,3,LOGAN
34710,Longreach,1003.0,7,LONGREACH
34770,Mackay,999.0,7,MACKAY
34800,McKinlay,1014.0,8,MCKINLAY
34830,Mapoon,567.0,1,MAPOON
34860,Maranoa,995.0,7,MARANOA
34880,Mareeba,937.0,3,MAREEBA
35010,Moreton Bay,992.0,7,MORETON BAY
35250,Mornington,609.0,1,MORNINGTON
35300,Mount Isa,972.0,5,MOUNT ISA
35600,Murweh,948.0,3,MURWEH
35670,Napranum,623.0,1,NAPRANUM
35740,Noosa,1030.0,9,NOOSA
35760,North Burnett,902.0,2,NORTH BURNETT
35780,Northern Peninsula Area,702.0,1,NORTHERN PENINSULA AREA
35790,Palm Island,567.0,1,PALM ISLAND
35800,Paroo,866.0,1,PAROO
36070,Pormpuraaw,547.0,1,PORMPURAAW
36150,Quilpie,998.0,7,QUILPIE
36250,Redland,1024.0,8,REDLAND
36300,Richmond,1009.0,8,RICHMOND
36370,Rockhampton,949.0,3,ROCKHAMPTON
36510,Scenic Rim,986.0,6,SCENIC RIM
36580,Somerset,944.0,3,SOMERSET
36630,South Burnett,907.0,2,SOUTH BURNETT
36660,Southern Downs,939.0,3,SOUTHERN DOWNS
36720,Sunshine Coast,1022.0,8,SUNSHINE COAST
36820,Tablelands,955.0,4,TABLELANDS
36910,Toowoomba,979.0,6,TOOWOOMBA
36950,Torres,904.0,2,TORRES
36960,Torres Strait Island,649.0,1,TORRES STRAIT ISLAND
37010,Townsville,990.0,6,TOWNSVILLE
37300,Weipa,1058.0,10,WEIPA
37310,Western Downs,946.0,3,WESTERN DOWNS
37340,Whitsunday,969.0,5,WHITSUNDAY
37400,Winton,993.0,7,WINTON
37550,Woorabinda,492.0,1,WOORABINDA
37570,Wujal Wujal,510.0,1,WUJAL WUJAL
37600,Yarrabah,512.0,1,YARRABAH
